  0
SECTION
  2
HEADER
  9
$ACADVER
  1
AC1024
  9
$ACADMAINTVER
 70
6
  9
$DWGCODEPAGE
  3
ANSI_1252
  9
$LASTSAVEDBY
  1
ezdxf
  9
$INSBASE
 10
0.0
 20
0.0
 30
0.0
  9
$EXTMIN
 10
1e+20
 20
1e+20
 30
1e+20
  9
$EXTMAX
 10
-1e+20
 20
-1e+20
 30
-1e+20
  9
$LIMMIN
 10
0.0
 20
0.0
  9
$LIMMAX
 10
420.0
 20
297.0
  9
$ORTHOMODE
 70
0
  9
$REGENMODE
 70
1
  9
$FILLMODE
 70
1
  9
$QTEXTMODE
 70
0
  9
$MIRRTEXT
 70
1
  9
$LTSCALE
 40
1.0
  9
$ATTMODE
 70
1
  9
$TEXTSIZE
 40
2.5
  9
$TRACEWID
 40
1.0
  9
$TEXTSTYLE
  7
OpenSans
  9
$CLAYER
  8
0
  9
$CELTYPE
  6
ByLayer
  9
$CECOLOR
 62
256
  9
$CELTSCALE
 40
1.0
  9
$DISPSILH
 70
0
  9
$DIMSCALE
 40
1.0
  9
$DIMASZ
 40
0.175
  9
$DIMEXO
 40
0.125
  9
$DIMDLI
 40
3.75
  9
$DIMRND
 40
0.0
  9
$DIMDLE
 40
0.0
  9
$DIMEXE
 40
0.375
  9
$DIMTP
 40
0.0
  9
$DIMTM
 40
0.0
  9
$DIMTXT
 40
0.25
  9
$DIMCEN
 40
2.5
  9
$DIMTSZ
 40
0.0
  9
$DIMTOL
 70
0
  9
$DIMLIM
 70
0
  9
$DIMTIH
 70
0
  9
$DIMTOH
 70
0
  9
$DIMSE1
 70
0
  9
$DIMSE2
 70
0
  9
$DIMTAD
 70
1
  9
$DIMZIN
 70
12
  9
$DIMBLK
  1
ARCHTICK
  9
$DIMASO
 70
1
  9
$DIMSHO
 70
1
  9
$DIMPOST
  1

  9
$DIMAPOST
  1

  9
$DIMALT
 70
0
  9
$DIMALTD
 70
3
  9
$DIMALTF
 40
0.03937007874
  9
$DIMLFAC
 40
100.0
  9
$DIMTOFL
 70
1
  9
$DIMTVP
 40
0.0
  9
$DIMTIX
 70
0
  9
$DIMSOXD
 70
0
  9
$DIMSAH
 70
0
  9
$DIMBLK1
  1

  9
$DIMBLK2
  1

  9
$DIMSTYLE
  2
EZDXF
  9
$DIMCLRD
 70
0
  9
$DIMCLRE
 70
0
  9
$DIMCLRT
 70
0
  9
$DIMTFAC
 40
0.5
  9
$DIMGAP
 40
0.1
  9
$DIMJUST
 70
0
  9
$DIMSD1
 70
0
  9
$DIMSD2
 70
0
  9
$DIMTOLJ
 70
0
  9
$DIMTZIN
 70
8
  9
$DIMALTZ
 70
0
  9
$DIMALTTZ
 70
0
  9
$DIMUPT
 70
1
  9
$DIMDEC
 70
2
  9
$DIMTDEC
 70
2
  9
$DIMALTU
 70
2
  9
$DIMALTTD
 70
3
  9
$DIMTXSTY
  7
OpenSansCondensed-Light
  9
$DIMAUNIT
 70
0
  9
$DIMADEC
 70
2
  9
$DIMALTRND
 40
0.0
  9
$DIMAZIN
 70
3
  9
$DIMDSEP
 70
46
  9
$DIMATFIT
 70
3
  9
$DIMFRAC
 70
0
  9
$DIMLDRBLK
  1

  9
$DIMLUNIT
 70
2
  9
$DIMLWD
 70
-2
  9
$DIMLWE
 70
-2
  9
$DIMTMOVE
 70
2
  9
$DIMFXL
 40
1.0
  9
$DIMFXLON
 70
0
  9
$DIMJOGANG
 40
0.785398163397
  9
$DIMTFILL
 70
0
  9
$DIMTFILLCLR
 70
0
  9
$DIMARCSYM
 70
0
  9
$DIMLTYPE
  6

  9
$DIMLTEX1
  6

  9
$DIMLTEX2
  6

  9
$DIMTXTDIRECTION
 70
0
  9
$LUNITS
 70
2
  9
$LUPREC
 70
4
  9
$SKETCHINC
 40
1.0
  9
$FILLETRAD
 40
10.0
  9
$AUNITS
 70
0
  9
$AUPREC
 70
2
  9
$MENU
  1
.
  9
$ELEVATION
 40
0.0
  9
$PELEVATION
 40
0.0
  9
$THICKNESS
 40
0.0
  9
$LIMCHECK
 70
0
  9
$CHAMFERA
 40
0.0
  9
$CHAMFERB
 40
0.0
  9
$CHAMFERC
 40
0.0
  9
$CHAMFERD
 40
0.0
  9
$SKPOLY
 70
0
  9
$TDCREATE
 40
2461282.5119328704
  9
$TDUCREATE
 40
2458532.153996898
  9
$TDUPDATE
 40
2461282.5119328704
  9
$TDUUPDATE
 40
2458532.1544311
  9
$TDINDWG
 40
0.0
  9
$TDUSRTIMER
 40
0.0
  9
$USRTIMER
 70
1
  9
$ANGBASE
 50
0.0
  9
$ANGDIR
 70
0
  9
$PDMODE
 70
0
  9
$PDSIZE
 40
0.0
  9
$PLINEWID
 40
0.0
  9
$SPLFRAME
 70
0
  9
$SPLINETYPE
 70
6
  9
$SPLINESEGS
 70
8
  9
$HANDSEED
  5
10F
  9
$SURFTAB1
 70
6
  9
$SURFTAB2
 70
6
  9
$SURFTYPE
 70
6
  9
$SURFU
 70
6
  9
$SURFV
 70
6
  9
$UCSBASE
  2

  9
$UCSNAME
  2

  9
$UCSORG
 10
0.0
 20
0.0
 30
0.0
  9
$UCSXDIR
 10
1.0
 20
0.0
 30
0.0
  9
$UCSYDIR
 10
0.0
 20
1.0
 30
0.0
  9
$UCSORTHOREF
  2

  9
$UCSORTHOVIEW
 70
0
  9
$UCSORGTOP
 10
0.0
 20
0.0
 30
0.0
  9
$UCSORGBOTTOM
 10
0.0
 20
0.0
 30
0.0
  9
$UCSORGLEFT
 10
0.0
 20
0.0
 30
0.0
  9
$UCSORGRIGHT
 10
0.0
 20
0.0
 30
0.0
  9
$UCSORGFRONT
 10
0.0
 20
0.0
 30
0.0
  9
$UCSORGBACK
 10
0.0
 20
0.0
 30
0.0
  9
$PUCSBASE
  2

  9
$PUCSNAME
  2

  9
$PUCSORG
 10
0.0
 20
0.0
 30
0.0
  9
$PUCSXDIR
 10
1.0
 20
0.0
 30
0.0
  9
$PUCSYDIR
 10
0.0
 20
1.0
 30
0.0
  9
$PUCSORTHOREF
  2

  9
$PUCSORTHOVIEW
 70
0
  9
$PUCSORGTOP
 10
0.0
 20
0.0
 30
0.0
  9
$PUCSORGBOTTOM
 10
0.0
 20
0.0
 30
0.0
  9
$PUCSORGLEFT
 10
0.0
 20
0.0
 30
0.0
  9
$PUCSORGRIGHT
 10
0.0
 20
0.0
 30
0.0
  9
$PUCSORGFRONT
 10
0.0
 20
0.0
 30
0.0
  9
$PUCSORGBACK
 10
0.0
 20
0.0
 30
0.0
  9
$USERI1
 70
0
  9
$USERI2
 70
0
  9
$USERI3
 70
0
  9
$USERI4
 70
0
  9
$USERI5
 70
0
  9
$USERR1
 40
0.0
  9
$USERR2
 40
0.0
  9
$USERR3
 40
0.0
  9
$USERR4
 40
0.0
  9
$USERR5
 40
0.0
  9
$WORLDVIEW
 70
1
  9
$SHADEDGE
 70
3
  9
$SHADEDIF
 70
70
  9
$TILEMODE
 70
1
  9
$MAXACTVP
 70
64
  9
$PINSBASE
 10
0.0
 20
0.0
 30
0.0
  9
$PLIMCHECK
 70
0
  9
$PEXTMIN
 10
1e+20
 20
1e+20
 30
1e+20
  9
$PEXTMAX
 10
-1e+20
 20
-1e+20
 30
-1e+20
  9
$PLIMMIN
 10
0.0
 20
0.0
  9
$PLIMMAX
 10
420.0
 20
297.0
  9
$UNITMODE
 70
0
  9
$VISRETAIN
 70
1
  9
$PLINEGEN
 70
0
  9
$PSLTSCALE
 70
1
  9
$TREEDEPTH
 70
3020
  9
$CMLSTYLE
  2
Standard
  9
$CMLJUST
 70
0
  9
$CMLSCALE
 40
20.0
  9
$PROXYGRAPHICS
 70
1
  9
$MEASUREMENT
 70
1
  9
$CELWEIGHT
370
-1
  9
$ENDCAPS
280
0
  9
$JOINSTYLE
280
0
  9
$LWDISPLAY
290
0
  9
$INSUNITS
 70
4
  9
$HYPERLINKBASE
  1

  9
$STYLESHEET
  1

  9
$XEDIT
290
1
  9
$CEPSNTYPE
380
0
  9
$PSTYLEMODE
290
1
  9
$FINGERPRINTGUID
  2
{7AED2E7E-EFBE-4608-8470-6B5F57434C60}
  9
$VERSIONGUID
  2
{351A0ED2-8D4F-42AF-AF67-D2A800C5EF81}
  9
$EXTNAMES
290
1
  9
$PSVPSCALE
 40
0.0
  9
$OLESTARTUP
290
0
  9
$SORTENTS
280
127
  9
$INDEXCTL
280
0
  9
$HIDETEXT
280
1
  9
$XCLIPFRAME
280
1
  9
$HALOGAP
280
0
  9
$OBSCOLOR
 70
257
  9
$OBSLTYPE
280
0
  9
$INTERSECTIONDISPLAY
280
0
  9
$INTERSECTIONCOLOR
 70
257
  9
$DIMASSOC
280
2
  9
$PROJECTNAME
  1

  9
$CAMERADISPLAY
290
0
  9
$LENSLENGTH
 40
50.0
  9
$CAMERAHEIGHT
 40
0.0
  9
$STEPSPERSEC
 40
24.0
  9
$STEPSIZE
 40
100.0
  9
$3DDWFPREC
 40
2.0
  9
$PSOLWIDTH
 40
0.005
  9
$PSOLHEIGHT
 40
0.08
  9
$LOFTANG1
 40
1.570796326795
  9
$LOFTANG2
 40
1.570796326795
  9
$LOFTMAG1
 40
0.0
  9
$LOFTMAG2
 40
0.0
  9
$LOFTPARAM
 70
7
  9
$LOFTNORMALS
280
1
  9
$LATITUDE
 40
37.795
  9
$LONGITUDE
 40
-122.394
  9
$NORTHDIRECTION
 40
0.0
  9
$TIMEZONE
 70
-8000
  9
$LIGHTGLYPHDISPLAY
280
1
  9
$TILEMODELIGHTSYNCH
280
1
  9
$CMATERIAL
347
20
  9
$SOLIDHIST
280
0
  9
$SHOWHIST
280
1
  9
$DWFFRAME
280
2
  9
$DGNFRAME
280
2
  9
$REALWORLDSCALE
290
1
  9
$INTERFERECOLOR
 62
256
  9
$CSHADOW
280
0
  9
$SHADOWPLANELOCATION
 40
0.0
  0
ENDSEC
  0
SECTION
  2
CLASSES
  0
CLASS
  1
ACDBDICTIONARYWDFLT
  2
AcDbDictionaryWithDefault
  3
ObjectDBX Classes
 90
0
 91
0
280
0
281
0
  0
CLASS
  1
SUN
  2
AcDbSun
  3
SCENEOE
 90
1153
 91
0
280
0
281
0
  0
CLASS
  1
VISUALSTYLE
  2
AcDbVisualStyle
  3
ObjectDBX Classes
 90
4095
 91
0
280
0
281
0
  0
CLASS
  1
MATERIAL
  2
AcDbMaterial
  3
ObjectDBX Classes
 90
1153
 91
0
280
0
281
0
  0
CLASS
  1
SCALE
  2
AcDbScale
  3
ObjectDBX Classes
 90
1153
 91
0
280
0
281
0
  0
CLASS
  1
TABLESTYLE
  2
AcDbTableStyle
  3
ObjectDBX Classes
 90
4095
 91
0
280
0
281
0
  0
CLASS
  1
MLEADERSTYLE
  2
AcDbMLeaderStyle
  3
ACDB_MLEADERSTYLE_CLASS
 90
4095
 91
0
280
0
281
0
  0
CLASS
  1
DICTIONARYVAR
  2
AcDbDictionaryVar
  3
ObjectDBX Classes
 90
0
 91
0
280
0
281
0
  0
CLASS
  1
CELLSTYLEMAP
  2
AcDbCellStyleMap
  3
ObjectDBX Classes
 90
1152
 91
0
280
0
281
0
  0
CLASS
  1
MENTALRAYRENDERSETTINGS
  2
AcDbMentalRayRenderSettings
  3
SCENEOE
 90
1024
 91
0
280
0
281
0
  0
CLASS
  1
ACDBDETAILVIEWSTYLE
  2
AcDbDetailViewStyle
  3
ObjectDBX Classes
 90
1025
 91
0
280
0
281
0
  0
CLASS
  1
ACDBSECTIONVIEWSTYLE
  2
AcDbSectionViewStyle
  3
ObjectDBX Classes
 90
1025
 91
0
280
0
281
0
  0
CLASS
  1
RASTERVARIABLES
  2
AcDbRasterVariables
  3
ISM
 90
0
 91
0
280
0
281
0
  0
CLASS
  1
ACDBPLACEHOLDER
  2
AcDbPlaceHolder
  3
ObjectDBX Classes
 90
0
 91
0
280
0
281
0
  0
CLASS
  1
LAYOUT
  2
AcDbLayout
  3
ObjectDBX Classes
 90
0
 91
0
280
0
281
0
  0
ENDSEC
  0
SECTION
  2
TABLES
  0
TABLE
  2
VPORT
  5
8
330
0
100
AcDbSymbolTable
 70
1
  0
VPORT
  5
23
330
8
100
AcDbSymbolTableRecord
100
AcDbViewportTableRecord
  2
*Active
 70
0
 10
0.0
 20
0.0
 11
1.0
 21
1.0
 12
0.0
 22
0.0
 13
0.0
 23
0.0
 14
0.5
 24
0.5
 15
0.5
 25
0.5
 16
0.0
 26
0.0
 36
1.0
 17
0.0
 27
0.0
 37
0.0
 40
1000.0
 41
1.34
 42
50.0
 43
0.0
 44
0.0
 50
0.0
 51
0.0
 71
0
 72
1000
 73
1
 74
3
 75
0
 76
0
 77
0
 78
0
281
0
 65
0
146
0.0
  0
ENDTAB
  0
TABLE
  2
LTYPE
  5
2
330
0
100
AcDbSymbolTable
 70
21
  0
LTYPE
  5
24
330
2
100
AcDbSymbolTableRecord
100
AcDbLinetypeTableRecord
  2
ByBlock
 70
0
  3

 72
65
 73
0
 40
0.0
  0
LTYPE
  5
25
330
2
100
AcDbSymbolTableRecord
100
AcDbLinetypeTableRecord
  2
ByLayer
 70
0
  3

 72
65
 73
0
 40
0.0
  0
LTYPE
  5
26
330
2
100
AcDbSymbolTableRecord
100
AcDbLinetypeTableRecord
  2
Continuous
 70
0
  3

 72
65
 73
0
 40
0.0
  0
LTYPE
  5
2F
330
2
100
AcDbSymbolTableRecord
100
AcDbLinetypeTableRecord
  2
CENTER
 70
0
  3
Center ____ _ ____ _ ____ _ ____ _ ____ _ ____
 72
65
 73
4
 40
5.08
 49
3.175
 74
0
 49
-0.635
 74
0
 49
0.635
 74
0
 49
-0.635
 74
0
  0
LTYPE
  5
30
330
2
100
AcDbSymbolTableRecord
100
AcDbLinetypeTableRecord
  2
CENTERX2
 70
0
  3
Center (2x) ________  __  ________  __  ________
 72
65
 73
4
 40
8.89
 49
6.35
 74
0
 49
-0.635
 74
0
 49
1.27
 74
0
 49
-0.635
 74
0
  0
LTYPE
  5
31
330
2
100
AcDbSymbolTableRecord
100
AcDbLinetypeTableRecord
  2
CENTER2
 70
0
  3
Center (.5x) ____ _ ____ _ ____ _ ____ _ ____
 72
65
 73
4
 40
2.54
 49
1.587
 74
0
 49
-0.318
 74
0
 49
0.318
 74
0
 49
-0.318
 74
0
  0
LTYPE
  5
32
330
2
100
AcDbSymbolTableRecord
100
AcDbLinetypeTableRecord
  2
DASHED
 70
0
  3
Dashed __ __ __ __ __ __ __ __ __ __ __ __ __ _
 72
65
 73
2
 40
1.524
 49
1.27
 74
0
 49
-0.254
 74
0
  0
LTYPE
  5
33
330
2
100
AcDbSymbolTableRecord
100
AcDbLinetypeTableRecord
  2
DASHEDX2
 70
0
  3
Dashed (2x) ____  ____  ____  ____  ____  ____
 72
65
 73
2
 40
3.048
 49
2.54
 74
0
 49
-0.508
 74
0
  0
LTYPE
  5
34
330
2
100
AcDbSymbolTableRecord
100
AcDbLinetypeTableRecord
  2
DASHED2
 70
0
  3
Dashed (.5x) _ _ _ _ _ _ _ _ _ _ _ _ _ _
 72
65
 73
2
 40
0.762
 49
0.635
 74
0
 49
-0.127
 74
0
  0
LTYPE
  5
35
330
2
100
AcDbSymbolTableRecord
100
AcDbLinetypeTableRecord
  2
PHANTOM
 70
0
  3
Phantom ______  __  __  ______  __  __  ______
 72
65
 73
6
 40
6.35
 49
3.175
 74
0
 49
-0.635
 74
0
 49
0.635
 74
0
 49
-0.635
 74
0
 49
0.635
 74
0
 49
-0.635
 74
0
  0
LTYPE
  5
36
330
2
100
AcDbSymbolTableRecord
100
AcDbLinetypeTableRecord
  2
PHANTOMX2
 70
0
  3
Phantom (2x)____________    ____    ____    ____________
 72
65
 73
6
 40
10.795
 49
6.35
 74
0
 49
-0.635
 74
0
 49
1.27
 74
0
 49
-0.635
 74
0
 49
1.27
 74
0
 49
-0.635
 74
0
  0
LTYPE
  5
37
330
2
100
AcDbSymbolTableRecord
100
AcDbLinetypeTableRecord
  2
PHANTOM2
 70
0
  3
Phantom (.5x) ___ _ _ ___ _ _ ___ _ _ ___ _ _ ___
 72
65
 73
6
 40
3.175
 49
1.587
 74
0
 49
-0.318
 74
0
 49
0.318
 74
0
 49
-0.318
 74
0
 49
0.318
 74
0
 49
-0.318
 74
0
  0
LTYPE
  5
38
330
2
100
AcDbSymbolTableRecord
100
AcDbLinetypeTableRecord
  2
DASHDOT
 70
0
  3
Dash dot __ . __ . __ . __ . __ . __ . __ . __
 72
65
 73
4
 40
3.556
 49
2.54
 74
0
 49
-0.508
 74
0
 49
0.0
 74
0
 49
-0.508
 74
0
  0
LTYPE
  5
39
330
2
100
AcDbSymbolTableRecord
100
AcDbLinetypeTableRecord
  2
DASHDOTX2
 70
0
  3
Dash dot (2x) ____  .  ____  .  ____  .  ____
 72
65
 73
4
 40
6.096
 49
5.08
 74
0
 49
-0.508
 74
0
 49
0.0
 74
0
 49
-0.508
 74
0
  0
LTYPE
  5
3A
330
2
100
AcDbSymbolTableRecord
100
AcDbLinetypeTableRecord
  2
DASHDOT2
 70
0
  3
Dash dot (.5x) _ . _ . _ . _ . _ . _ . _ . _
 72
65
 73
4
 40
1.778
 49
1.27
 74
0
 49
-0.254
 74
0
 49
0.0
 74
0
 49
-0.254
 74
0
  0
LTYPE
  5
3B
330
2
100
AcDbSymbolTableRecord
100
AcDbLinetypeTableRecord
  2
DOT
 70
0
  3
Dot .  .  .  .  .  .  .  .  .  .  .  .  .  .  .  .
 72
65
 73
2
 40
0.508
 49
0.0
 74
0
 49
-0.508
 74
0
  0
LTYPE
  5
3C
330
2
100
AcDbSymbolTableRecord
100
AcDbLinetypeTableRecord
  2
DOTX2
 70
0
  3
Dot (2x) .    .    .    .    .    .    .    . 
 72
65
 73
2
 40
1.016
 49
0.0
 74
0
 49
-1.016
 74
0
  0
LTYPE
  5
3D
330
2
100
AcDbSymbolTableRecord
100
AcDbLinetypeTableRecord
  2
DOT2
 70
0
  3
Dot (.5) . . . . . . . . . . . . . . . . . . . 
 72
65
 73
2
 40
0.254
 49
0.0
 74
0
 49
-0.254
 74
0
  0
LTYPE
  5
3E
330
2
100
AcDbSymbolTableRecord
100
AcDbLinetypeTableRecord
  2
DIVIDE
 70
0
  3
Divide __ . . __ . . __ . . __ . . __ . . __
 72
65
 73
6
 40
4.064
 49
2.54
 74
0
 49
-0.508
 74
0
 49
0.0
 74
0
 49
-0.508
 74
0
 49
0.0
 74
0
 49
-0.508
 74
0
  0
LTYPE
  5
3F
330
2
100
AcDbSymbolTableRecord
100
AcDbLinetypeTableRecord
  2
DIVIDEX2
 70
0
  3
Divide (2x) ____  . .  ____  . .  ____  . .  ____
 72
65
 73
6
 40
6.604
 49
5.08
 74
0
 49
-0.508
 74
0
 49
0.0
 74
0
 49
-0.508
 74
0
 49
0.0
 74
0
 49
-0.508
 74
0
  0
LTYPE
  5
40
330
2
100
AcDbSymbolTableRecord
100
AcDbLinetypeTableRecord
  2
DIVIDE2
 70
0
  3
Divide(.5x) _ . _ . _ . _ . _ . _ . _ . _
 72
65
 73
6
 40
2.032
 49
1.27
 74
0
 49
-0.254
 74
0
 49
0.0
 74
0
 49
-0.254
 74
0
 49
0.0
 74
0
 49
-0.254
 74
0
  0
ENDTAB
  0
TABLE
  2
LAYER
  5
1
330
0
100
AcDbSymbolTable
 70
7
  0
LAYER
  5
27
330
1
100
AcDbSymbolTableRecord
100
AcDbLayerTableRecord
  2
0
 70
0
 62
7
  6
Continuous
370
-3
390
13
347
21
  0
LAYER
  5
28
330
1
100
AcDbSymbolTableRecord
100
AcDbLayerTableRecord
  2
Defpoints
 70
0
 62
7
  6
Continuous
290
0
370
-3
390
13
347
21
  0
LAYER
  5
8A
330
1
100
AcDbSymbolTableRecord
100
AcDbLayerTableRecord
  2
OUTLINE
 70
0
 62
5
  6
Continuous
370
-3
390
13
347
21
  0
LAYER
  5
8B
330
1
100
AcDbSymbolTableRecord
100
AcDbLayerTableRecord
  2
BRIDGE_CUTOUTS
 70
0
 62
1
  6
Continuous
370
-3
390
13
347
21
  0
LAYER
  5
8C
330
1
100
AcDbSymbolTableRecord
100
AcDbLayerTableRecord
  2
HOLES
 70
0
 62
7
  6
Continuous
370
-3
390
13
347
21
  0
LAYER
  5
8D
330
1
100
AcDbSymbolTableRecord
100
AcDbLayerTableRecord
  2
HANDLE
 70
0
 62
3
  6
Continuous
370
-3
390
13
347
21
  0
LAYER
  5
8E
330
1
100
AcDbSymbolTableRecord
100
AcDbLayerTableRecord
  2
ANNOTATIONS
 70
0
 62
8
  6
Continuous
370
-3
390
13
347
21
  0
ENDTAB
  0
TABLE
  2
STYLE
  5
5
330
0
100
AcDbSymbolTable
 70
26
  0
STYLE
  5
29
330
5
100
AcDbSymbolTableRecord
100
AcDbTextStyleTableRecord
  2
Standard
 70
0
 40
0.0
 41
1.0
 50
0.0
 71
0
 42
2.5
  3
txt
  4

  0
STYLE
  5
41
330
5
100
AcDbSymbolTableRecord
100
AcDbTextStyleTableRecord
  2
OpenSans-Light
 70
0
 40
0.0
 41
1.0
 50
0.0
 71
0
 42
2.5
  3
OpenSans-Light.ttf
  4

  0
STYLE
  5
42
330
5
100
AcDbSymbolTableRecord
100
AcDbTextStyleTableRecord
  2
OpenSans-Light-Italic
 70
0
 40
0.0
 41
1.0
 50
0.0
 71
0
 42
2.5
  3
OpenSans-LightItalic.ttf
  4

  0
STYLE
  5
43
330
5
100
AcDbSymbolTableRecord
100
AcDbTextStyleTableRecord
  2
OpenSans
 70
0
 40
0.0
 41
1.0
 50
0.0
 71
0
 42
2.5
  3
OpenSans-Regular.ttf
  4

  0
STYLE
  5
44
330
5
100
AcDbSymbolTableRecord
100
AcDbTextStyleTableRecord
  2
OpenSans-Italic
 70
0
 40
0.0
 41
1.0
 50
0.0
 71
0
 42
2.5
  3
OpenSans-Italic.ttf
  4

  0
STYLE
  5
45
330
5
100
AcDbSymbolTableRecord
100
AcDbTextStyleTableRecord
  2
OpenSans-SemiBold
 70
0
 40
0.0
 41
1.0
 50
0.0
 71
0
 42
2.5
  3
OpenSans-SemiBold.ttf
  4

  0
STYLE
  5
46
330
5
100
AcDbSymbolTableRecord
100
AcDbTextStyleTableRecord
  2
OpenSans-SemiBoldItalic
 70
0
 40
0.0
 41
1.0
 50
0.0
 71
0
 42
2.5
  3
OpenSans-SemiBoldItalic.ttf
  4

  0
STYLE
  5
47
330
5
100
AcDbSymbolTableRecord
100
AcDbTextStyleTableRecord
  2
OpenSans-Bold
 70
0
 40
0.0
 41
1.0
 50
0.0
 71
0
 42
2.5
  3
OpenSans-Bold.ttf
  4

  0
STYLE
  5
48
330
5
100
AcDbSymbolTableRecord
100
AcDbTextStyleTableRecord
  2
OpenSans-BoldItalic
 70
0
 40
0.0
 41
1.0
 50
0.0
 71
0
 42
2.5
  3
OpenSans-BoldItalic.ttf
  4

  0
STYLE
  5
49
330
5
100
AcDbSymbolTableRecord
100
AcDbTextStyleTableRecord
  2
OpenSans-ExtraBold
 70
0
 40
0.0
 41
1.0
 50
0.0
 71
0
 42
2.5
  3
OpenSans-ExtraBold.ttf
  4

  0
STYLE
  5
4A
330
5
100
AcDbSymbolTableRecord
100
AcDbTextStyleTableRecord
  2
OpenSans-ExtraBoldItalic
 70
0
 40
0.0
 41
1.0
 50
0.0
 71
0
 42
2.5
  3
OpenSans-ExtraBoldItalic.ttf
  4

  0
STYLE
  5
4B
330
5
100
AcDbSymbolTableRecord
100
AcDbTextStyleTableRecord
  2
OpenSansCondensed-Bold
 70
0
 40
0.0
 41
1.0
 50
0.0
 71
0
 42
2.5
  3
OpenSansCondensed-Bold.ttf
  4

  0
STYLE
  5
4C
330
5
100
AcDbSymbolTableRecord
100
AcDbTextStyleTableRecord
  2
OpenSansCondensed-Light
 70
0
 40
0.0
 41
1.0
 50
0.0
 71
0
 42
2.5
  3
OpenSansCondensed-Light.ttf
  4

  0
STYLE
  5
4D
330
5
100
AcDbSymbolTableRecord
100
AcDbTextStyleTableRecord
  2
OpenSansCondensed-Italic
 70
0
 40
0.0
 41
1.0
 50
0.0
 71
0
 42
2.5
  3
OpenSansCondensed-LightItalic.ttf
  4

  0
STYLE
  5
4E
330
5
100
AcDbSymbolTableRecord
100
AcDbTextStyleTableRecord
  2
LiberationSans
 70
0
 40
0.0
 41
1.0
 50
0.0
 71
0
 42
2.5
  3
LiberationSans-Regular.ttf
  4

  0
STYLE
  5
4F
330
5
100
AcDbSymbolTableRecord
100
AcDbTextStyleTableRecord
  2
LiberationSans-Bold
 70
0
 40
0.0
 41
1.0
 50
0.0
 71
0
 42
2.5
  3
LiberationSans-Bold.ttf
  4

  0
STYLE
  5
50
330
5
100
AcDbSymbolTableRecord
100
AcDbTextStyleTableRecord
  2
LiberationSans-BoldItalic
 70
0
 40
0.0
 41
1.0
 50
0.0
 71
0
 42
2.5
  3
LiberationSans-BoldItalic.ttf
  4

  0
STYLE
  5
51
330
5
100
AcDbSymbolTableRecord
100
AcDbTextStyleTableRecord
  2
LiberationSans-Italic
 70
0
 40
0.0
 41
1.0
 50
0.0
 71
0
 42
2.5
  3
LiberationSans-Italic.ttf
  4

  0
STYLE
  5
52
330
5
100
AcDbSymbolTableRecord
100
AcDbTextStyleTableRecord
  2
LiberationSerif
 70
0
 40
0.0
 41
1.0
 50
0.0
 71
0
 42
2.5
  3
LiberationSerif-Regular.ttf
  4

  0
STYLE
  5
53
330
5
100
AcDbSymbolTableRecord
100
AcDbTextStyleTableRecord
  2
LiberationSerif-Bold
 70
0
 40
0.0
 41
1.0
 50
0.0
 71
0
 42
2.5
  3
LiberationSerif-Bold.ttf
  4

  0
STYLE
  5
54
330
5
100
AcDbSymbolTableRecord
100
AcDbTextStyleTableRecord
  2
LiberationSerif-BoldItalic
 70
0
 40
0.0
 41
1.0
 50
0.0
 71
0
 42
2.5
  3
LiberationSerif-BoldItalic.ttf
  4

  0
STYLE
  5
55
330
5
100
AcDbSymbolTableRecord
100
AcDbTextStyleTableRecord
  2
LiberationSerif-Italic
 70
0
 40
0.0
 41
1.0
 50
0.0
 71
0
 42
2.5
  3
LiberationSerif-Italic.ttf
  4

  0
STYLE
  5
56
330
5
100
AcDbSymbolTableRecord
100
AcDbTextStyleTableRecord
  2
LiberationMono
 70
0
 40
0.0
 41
1.0
 50
0.0
 71
0
 42
2.5
  3
LiberationMono-Regular.ttf
  4

  0
STYLE
  5
57
330
5
100
AcDbSymbolTableRecord
100
AcDbTextStyleTableRecord
  2
LiberationMono-Bold
 70
0
 40
0.0
 41
1.0
 50
0.0
 71
0
 42
2.5
  3
LiberationMono-Bold.ttf
  4

  0
STYLE
  5
58
330
5
100
AcDbSymbolTableRecord
100
AcDbTextStyleTableRecord
  2
LiberationMono-BoldItalic
 70
0
 40
0.0
 41
1.0
 50
0.0
 71
0
 42
2.5
  3
LiberationMono-BoldItalic.ttf
  4

  0
STYLE
  5
59
330
5
100
AcDbSymbolTableRecord
100
AcDbTextStyleTableRecord
  2
LiberationMono-Italic
 70
0
 40
0.0
 41
1.0
 50
0.0
 71
0
 42
2.5
  3
LiberationMono-Italic.ttf
  4

  0
ENDTAB
  0
TABLE
  2
VIEW
  5
7
330
0
100
AcDbSymbolTable
 70
0
  0
ENDTAB
  0
TABLE
  2
UCS
  5
6
330
0
100
AcDbSymbolTable
 70
0
  0
ENDTAB
  0
TABLE
  2
APPID
  5
3
330
0
100
AcDbSymbolTable
 70
3
  0
APPID
  5
2A
330
3
100
AcDbSymbolTableRecord
100
AcDbRegAppTableRecord
  2
ACAD
 70
0
  0
APPID
  5
10C
330
3
100
AcDbSymbolTableRecord
100
AcDbRegAppTableRecord
  2
HATCHBACKGROUNDCOLOR
 70
0
  0
APPID
  5
10D
330
3
100
AcDbSymbolTableRecord
100
AcDbRegAppTableRecord
  2
EZDXF
 70
0
  0
ENDTAB
  0
TABLE
  2
DIMSTYLE
  5
4
330
0
100
AcDbSymbolTable
 70
12
100
AcDbDimStyleTable
  0
DIMSTYLE
105
2B
330
4
100
AcDbSymbolTableRecord
100
AcDbDimStyleTableRecord
  2
Standard
 70
0
 40
1.0
 41
2.5
 42
0.625
 43
3.75
 44
1.25
 45
0.0
 46
0.0
 47
0.0
 48
0.0
 49
2.5
140
2.5
141
2.5
142
0.0
143
0.03937007874
144
1.0
145
0.0
146
1.0
147
0.625
148
0.0
 69
0
 70
0
 71
0
 72
0
 73
0
 74
0
 75
0
 76
0
 77
1
 78
8
 79
3
170
0
171
3
172
1
173
0
174
0
175
0
176
0
177
0
178
0
179
2
271
2
272
2
273
2
274
3
275
0
276
0
277
2
278
44
279
0
280
0
281
0
282
0
283
0
284
8
285
0
286
0
288
0
289
3
290
0
371
-2
372
-2
  0
DIMSTYLE
105
73
330
4
100
AcDbSymbolTableRecord
100
AcDbDimStyleTableRecord
  2
EZDXF
 70
0
 40
1.0
 41
0.175
 42
0.125
 43
3.75
 44
0.375
 45
0.0
 46
0.0
 47
0.0
 48
0.0
 49
2.5
140
0.25
141
2.5
142
0.0
143
0.03937007874
144
100.0
145
0.0
146
0.5
147
0.1
148
0.0
 69
0
 70
0
 71
0
 72
0
 73
0
 74
0
 75
0
 76
0
 77
1
 78
12
 79
3
170
0
171
3
172
1
173
0
174
0
175
0
176
0
177
0
178
0
179
2
271
2
272
2
273
2
274
3
275
0
276
0
277
2
278
46
279
2
280
0
281
0
282
0
283
0
284
8
285
0
286
0
288
1
289
3
290
0
340
4C
342
74
371
-2
372
-2
  0
DIMSTYLE
105
7C
330
4
100
AcDbSymbolTableRecord
100
AcDbDimStyleTableRecord
  2
EZ_M_100_H25_CM
 70
0
 40
1.0
 41
0.25
 42
0.125
 43
3.75
 44
0.375
 45
0.0
 46
0.0
 47
0.0
 48
0.0
 49
2.5
140
0.25
141
2.5
142
0.125
143
0.03937007874
144
100.0
145
0.0
146
0.5
147
0.1
148
0.0
 69
0
 70
0
 71
0
 72
0
 73
0
 74
0
 75
0
 76
0
 77
1
 78
12
 79
3
170
0
171
3
172
1
173
0
174
0
175
0
176
0
177
0
178
0
179
2
271
2
272
2
273
2
274
3
275
0
276
0
277
2
278
46
279
2
280
0
281
0
282
0
283
0
284
8
285
0
286
0
288
1
289
3
290
0
340
4C
371
-2
372
-2
  0
DIMSTYLE
105
7D
330
4
100
AcDbSymbolTableRecord
100
AcDbDimStyleTableRecord
  2
EZ_M_50_H25_CM
 70
0
 40
1.0
 41
0.125
 42
0.0625
 43
3.75
 44
0.1875
 45
0.0
 46
0.0
 47
0.0
 48
0.0
 49
2.5
140
0.125
141
2.5
142
0.0625
143
0.03937007874
144
100.0
145
0.0
146
0.5
147
0.05
148
0.0
 69
0
 70
0
 71
0
 72
0
 73
0
 74
0
 75
0
 76
0
 77
1
 78
12
 79
3
170
0
171
3
172
1
173
0
174
0
175
0
176
0
177
0
178
0
179
2
271
2
272
2
273
2
274
3
275
0
276
0
277
2
278
46
279
2
280
0
281
0
282
0
283
0
284
8
285
0
286
0
288
1
289
3
290
0
340
4C
371
-2
372
-2
  0
DIMSTYLE
105
7E
330
4
100
AcDbSymbolTableRecord
100
AcDbDimStyleTableRecord
  2
EZ_M_25_H25_CM
 70
0
 40
1.0
 41
0.0625
 42
0.03125
 43
3.75
 44
0.09375
 45
0.0
 46
0.0
 47
0.0
 48
0.0
 49
2.5
140
0.0625
141
2.5
142
0.03125
143
0.03937007874
144
100.0
145
0.0
146
0.5
147
0.025
148
0.0
 69
0
 70
0
 71
0
 72
0
 73
0
 74
0
 75
0
 76
0
 77
1
 78
12
 79
3
170
0
171
3
172
1
173
0
174
0
175
0
176
0
177
0
178
0
179
2
271
2
272
2
273
2
274
3
275
0
276
0
277
2
278
46
279
2
280
0
281
0
282
0
283
0
284
8
285
0
286
0
288
1
289
3
290
0
340
4C
371
-2
372
-2
  0
DIMSTYLE
105
7F
330
4
100
AcDbSymbolTableRecord
100
AcDbDimStyleTableRecord
  2
EZ_M_20_H25_CM
 70
0
 40
1.0
 41
0.05
 42
0.025
 43
3.75
 44
0.07500000000000001
 45
0.0
 46
0.0
 47
0.0
 48
0.0
 49
2.5
140
0.05
141
2.5
142
0.025
143
0.03937007874
144
100.0
145
0.0
146
0.5
147
0.020000000000000004
148
0.0
 69
0
 70
0
 71
0
 72
0
 73
0
 74
0
 75
0
 76
0
 77
1
 78
12
 79
3
170
0
171
3
172
1
173
0
174
0
175
0
176
0
177
0
178
0
179
2
271
2
272
2
273
2
274
3
275
0
276
0
277
2
278
46
279
2
280
0
281
0
282
0
283
0
284
8
285
0
286
0
288
1
289
3
290
0
340
4C
371
-2
372
-2
  0
DIMSTYLE
105
80
330
4
100
AcDbSymbolTableRecord
100
AcDbDimStyleTableRecord
  2
EZ_M_10_H25_CM
 70
0
 40
1.0
 41
0.025
 42
0.0125
 43
3.75
 44
0.037500000000000006
 45
0.0
 46
0.0
 47
0.0
 48
0.0
 49
2.5
140
0.025
141
2.5
142
0.0125
143
0.03937007874
144
100.0
145
0.0
146
0.5
147
0.010000000000000002
148
0.0
 69
0
 70
0
 71
0
 72
0
 73
0
 74
0
 75
0
 76
0
 77
1
 78
12
 79
3
170
0
171
3
172
1
173
0
174
0
175
0
176
0
177
0
178
0
179
2
271
2
272
2
273
2
274
3
275
0
276
0
277
2
278
46
279
2
280
0
281
0
282
0
283
0
284
8
285
0
286
0
288
1
289
3
290
0
340
4C
371
-2
372
-2
  0
DIMSTYLE
105
81
330
4
100
AcDbSymbolTableRecord
100
AcDbDimStyleTableRecord
  2
EZ_M_5_H25_CM
 70
0
 40
1.0
 41
0.0125
 42
0.00625
 43
3.75
 44
0.018750000000000003
 45
0.0
 46
0.0
 47
0.0
 48
0.0
 49
2.5
140
0.0125
141
2.5
142
0.00625
143
0.03937007874
144
100.0
145
0.0
146
0.5
147
0.005000000000000001
148
0.0
 69
0
 70
0
 71
0
 72
0
 73
0
 74
0
 75
0
 76
0
 77
1
 78
12
 79
3
170
0
171
3
172
1
173
0
174
0
175
0
176
0
177
0
178
0
179
2
271
2
272
2
273
2
274
3
275
0
276
0
277
2
278
46
279
2
280
0
281
0
282
0
283
0
284
8
285
0
286
0
288
1
289
3
290
0
340
4C
371
-2
372
-2
  0
DIMSTYLE
105
82
330
4
100
AcDbSymbolTableRecord
100
AcDbDimStyleTableRecord
  2
EZ_M_1_H25_CM
 70
0
 40
1.0
 41
0.0025
 42
0.00125
 43
3.75
 44
0.00375
 45
0.0
 46
0.0
 47
0.0
 48
0.0
 49
2.5
140
0.0025
141
2.5
142
0.00125
143
0.03937007874
144
100.0
145
0.0
146
0.5
147
0.001
148
0.0
 69
0
 70
0
 71
0
 72
0
 73
0
 74
0
 75
0
 76
0
 77
1
 78
12
 79
3
170
0
171
3
172
1
173
0
174
0
175
0
176
0
177
0
178
0
179
2
271
2
272
2
273
2
274
3
275
0
276
0
277
2
278
46
279
2
280
0
281
0
282
0
283
0
284
8
285
0
286
0
288
1
289
3
290
0
340
4C
371
-2
372
-2
  0
DIMSTYLE
105
83
330
4
100
AcDbSymbolTableRecord
100
AcDbDimStyleTableRecord
  2
EZ_RADIUS
 70
0
 40
1.0
 41
0.25
 42
0.125
 43
3.75
 44
0.375
 45
0.0
 46
0.0
 47
0.0
 48
0.0
 49
2.5
140
0.25
141
0.0
142
0.0
143
0.03937007874
144
100.0
145
0.0
146
0.5
147
0.1
148
0.0
 69
0
 70
0
 71
0
 72
0
 73
0
 74
0
 75
0
 76
0
 77
1
 78
12
 79
3
170
0
171
3
172
0
173
0
174
0
175
0
176
0
177
0
178
0
179
2
271
2
272
2
273
2
274
3
275
0
276
0
277
2
278
46
279
1
280
0
281
0
282
0
283
0
284
8
285
0
286
0
288
1
289
3
290
0
340
4C
342
84
371
-2
372
-2
  0
DIMSTYLE
105
88
330
4
100
AcDbSymbolTableRecord
100
AcDbDimStyleTableRecord
  2
EZ_RADIUS_INSIDE
 70
0
 40
1.0
 41
0.25
 42
0.125
 43
3.75
 44
0.375
 45
0.0
 46
0.0
 47
0.0
 48
0.0
 49
2.5
140
0.25
141
0.0
142
0.0
143
0.03937007874
144
100.0
145
0.0
146
0.5
147
0.1
148
0.0
 69
0
 70
0
 71
0
 72
0
 73
0
 74
0
 75
0
 76
0
 77
0
 78
12
 79
3
170
0
171
3
172
0
173
0
174
1
175
0
176
0
177
0
178
0
179
2
271
2
272
2
273
2
274
3
275
0
276
0
277
2
278
46
279
0
280
0
281
0
282
0
283
0
284
8
285
0
286
0
288
1
289
0
290
0
340
4C
342
84
371
-2
372
-2
  0
DIMSTYLE
105
89
330
4
100
AcDbSymbolTableRecord
100
AcDbDimStyleTableRecord
  2
EZ_CURVED
 70
0
 40
1.0
 41
0.25
 42
0.125
 43
3.75
 44
0.375
 45
0.0
 46
0.0
 47
0.0
 48
0.0
 49
2.5
140
0.25
141
2.5
142
0.0
143
0.03937007874
144
100.0
145
0.0
146
0.5
147
0.1
148
0.0
 69
0
 70
0
 71
0
 72
0
 73
0
 74
0
 75
0
 76
0
 77
1
 78
12
 79
2
 90
2
170
0
171
3
172
1
173
0
174
0
175
0
176
0
177
0
178
0
179
2
271
2
272
2
273
2
274
3
275
0
276
0
277
2
278
46
279
2
280
0
281
0
282
0
283
0
284
8
285
0
286
0
288
1
289
3
290
0
340
4C
371
-2
372
-2
  0
ENDTAB
  0
TABLE
  2
BLOCK_RECORD
  5
9
330
0
100
AcDbSymbolTable
 70
5
  0
BLOCK_RECORD
  5
17
330
9
100
AcDbSymbolTableRecord
100
AcDbBlockTableRecord
  2
*Model_Space
340
1A
 70
0
280
1
281
0
  0
BLOCK_RECORD
  5
1B
330
9
100
AcDbSymbolTableRecord
100
AcDbBlockTableRecord
  2
*Paper_Space
340
1E
 70
0
280
1
281
0
  0
BLOCK_RECORD
  5
74
330
9
100
AcDbSymbolTableRecord
100
AcDbBlockTableRecord
  2
_ARCHTICK
340
0
 70
0
280
1
281
0
  0
BLOCK_RECORD
  5
78
330
9
100
AcDbSymbolTableRecord
100
AcDbBlockTableRecord
  2
_CLOSEDFILLED
340
0
 70
0
280
1
281
0
  0
BLOCK_RECORD
  5
84
330
9
100
AcDbSymbolTableRecord
100
AcDbBlockTableRecord
  2
_CLOSEDBLANK
340
0
 70
0
280
1
281
0
  0
ENDTAB
  0
ENDSEC
  0
SECTION
  2
BLOCKS
  0
BLOCK
  5
18
330
17
100
AcDbEntity
  8
0
100
AcDbBlockBegin
  2
*Model_Space
 70
0
 10
0.0
 20
0.0
 30
0.0
  3
*Model_Space
  1

  0
ENDBLK
  5
19
330
17
100
AcDbEntity
  8
0
100
AcDbBlockEnd
  0
BLOCK
  5
1C
330
1B
100
AcDbEntity
  8
0
100
AcDbBlockBegin
  2
*Paper_Space
 70
0
 10
0.0
 20
0.0
 30
0.0
  3
*Paper_Space
  1

  0
ENDBLK
  5
1D
330
1B
100
AcDbEntity
  8
0
100
AcDbBlockEnd
  0
BLOCK
  5
75
330
74
100
AcDbEntity
  8
0
100
AcDbBlockBegin
  2
_ARCHTICK
 70
0
 10
0.0
 20
0.0
 30
0.0
  3
_ARCHTICK
  1

  0
LWPOLYLINE
  5
77
330
74
100
AcDbEntity
  8
0
  6
BYBLOCK
 62
0
100
AcDbPolyline
 90
2
 70
0
 43
0.15
 10
-0.5
 20
-0.5
 10
0.5
 20
0.5
  0
ENDBLK
  5
76
330
74
100
AcDbEntity
  8
0
100
AcDbBlockEnd
  0
BLOCK
  5
79
330
78
100
AcDbEntity
  8
0
100
AcDbBlockBegin
  2
_CLOSEDFILLED
 70
0
 10
0.0
 20
0.0
 30
0.0
  3
_CLOSEDFILLED
  1

  0
SOLID
  5
7B
330
78
100
AcDbEntity
  8
0
  6
BYBLOCK
 62
0
100
AcDbTrace
 10
-1.0
 20
0.16439898372402537
 30
0.0
 11
0.0
 21
0.0
 31
0.0
 12
-1.0
 22
-0.16439898372402537
 32
0.0
 13
-1.0
 23
-0.16439898372402537
 33
0.0
  0
ENDBLK
  5
7A
330
78
100
AcDbEntity
  8
0
100
AcDbBlockEnd
  0
BLOCK
  5
85
330
84
100
AcDbEntity
  8
0
100
AcDbBlockBegin
  2
_CLOSEDBLANK
 70
0
 10
0.0
 20
0.0
 30
0.0
  3
_CLOSEDBLANK
  1

  0
LWPOLYLINE
  5
87
330
84
100
AcDbEntity
  8
0
  6
BYBLOCK
 62
0
100
AcDbPolyline
 90
3
 70
1
 10
-1.0
 20
0.16439898372402537
 10
0.0
 20
0.0
 10
-1.0
 20
-0.16439898372402537
  0
ENDBLK
  5
86
330
84
100
AcDbEntity
  8
0
100
AcDbBlockEnd
  0
ENDSEC
  0
SECTION
  2
ENTITIES
  0
LWPOLYLINE
  5
8F
330
17
100
AcDbEntity
  8
OUTLINE
100
AcDbPolyline
 90
2160
 70
1
 10
11.416666666666666
 20
0.5
 10
11.587010416666663
 20
0.525440586419753
 10
11.756361111111111
 20
0.551858024691358
 10
11.924697916666664
 20
0.5793958333333332
 10
12.092
 20
0.6081975308641975
 10
12.258246527777779
 20
0.638406635802469
 10
12.423416666666668
 20
0.6701666666666668
 10
12.587489583333332
 20
0.7036211419753086
 10
12.750444444444444
 20
0.7389135802469137
 10
12.912260416666664
 20
0.7761874999999999
 10
13.072916666666668
 20
0.8155864197530864
 10
13.232392361111112
 20
0.8572538580246915
 10
13.390666666666673
 20
0.9013333333333335
 10
13.547718750000001
 20
0.9479683641975309
 10
13.703527777777778
 20
0.9973024691358024
 10
13.858072916666666
 20
1.0494791666666667
 10
14.011333333333338
 20
1.1046419753086423
 10
14.163288194444442
 20
1.1629344135802469
 10
14.313916666666664
 20
1.2244999999999997
 10
14.463197916666665
 20
1.2894822530864196
 10
14.611111111111112
 20
1.3580246913580247
 10
14.757635416666668
 20
1.4302708333333332
 10
14.902749999999997
 20
1.5063641975308637
 10
15.046434027777783
 20
1.586448302469136
 10
15.188666666666668
 20
1.670666666666667
 10
15.329427083333332
 20
1.759162808641975
 10
15.468694444444445
 20
1.8520802469135802
 10
15.60644791666667
 20
1.9495625000000003
 10
15.742666666666668
 20
2.0517530864197533
 10
15.877329861111107
 20
2.1587955246913575
 10
16.010416666666664
 20
2.270833333333333
 10
16.14190625
 20
2.388010030864198
 10
16.27177777777778
 20
2.5104691358024693
 10
16.40001041666667
 20
2.638354166666667
 10
16.526583333333335
 20
2.771808641975308
 10
16.651475694444446
 20
2.910976080246914
 10
16.77466666666667
 20
3.056
 10
16.896135416666667
 20
3.2070239197530865
 10
17.015861111111114
 20
3.3641913580246907
 10
17.13382291666667
 20
3.527645833333333
 10
17.25
 20
3.69753086419753
 10
17.364371527777777
 20
3.8739899691358026
 10
17.476916666666668
 20
4.0571666666666655
 10
17.587614583333334
 20
4.247204475308642
 10
17.696444444444445
 20
4.444246913580246
 10
17.803385416666668
 20
4.6484375
 10
17.908416666666668
 20
4.85991975308642
 10
18.01151736111111
 20
5.078837191358025
 10
18.11266666666667
 20
5.305333333333334
 10
18.211843750000003
 20
5.5395516975308645
 10
18.309027777777782
 20
5.781635802469136
 10
18.404197916666668
 20
6.031729166666666
 10
18.497333333333337
 20
6.289975308641976
 10
18.588413194444442
 20
6.556517746913579
 10
18.677416666666666
 20
6.8315
 10
18.764322916666668
 20
7.115065586419751
 10
18.849111111111114
 20
7.407358024691359
 10
18.93176041666667
 20
7.708520833333332
 10
19.012249999999998
 20
8.018697530864197
 10
19.09055902777778
 20
8.338031635802468
 10
19.166666666666668
 20
8.666666666666666
 10
19.240561882716047
 20
9.0047137345679
 10
19.31227283950617
 20
9.352154320987655
 10
19.3818375
 20
9.7089375
 10
19.4492938271605
 20
10.075012345679013
 10
19.51467978395062
 20
10.450327932098762
 10
19.578033333333334
 20
10.834833333333334
 10
19.639392438271603
 20
11.228477623456788
 10
19.698795061728397
 20
11.631209876543211
 10
19.756279166666666
 20
12.042979166666665
 10
19.811882716049386
 20
12.463734567901234
 10
19.86564367283951
 20
12.893425154320987
 10
19.917600000000007
 20
13.332000000000004
 10
19.967789660493832
 20
13.779408179012348
 10
20.016250617283955
 20
14.235598765432098
 10
20.063020833333333
 20
14.700520833333334
 10
20.108138271604947
 20
15.174123456790127
 10
20.15164089506173
 20
15.656355709876543
 10
20.193566666666666
 20
16.147166666666664
 10
20.233953549382715
 20
16.646505401234567
 10
20.27283950617284
 20
17.154320987654323
 10
20.3102625
 20
17.6705625
 10
20.346260493827156
 20
18.195179012345676
 10
20.380871450617292
 20
18.728119598765435
 10
20.414133333333336
 20
19.269333333333336
 10
20.446084104938272
 20
19.818769290123452
 10
20.47676172839506
 20
20.37637654320988
 10
20.50620416666667
 20
20.94210416666667
 10
20.53444938271605
 20
21.515901234567906
 10
20.561535339506165
 20
22.09771682098765
 10
20.587500000000002
 20
22.6875
 10
20.61238132716049
 20
23.285199845679017
 10
20.636217283950618
 20
23.890765432098764
 10
20.659045833333334
 20
24.50414583333334
 10
20.680904938271603
 20
25.125290123456793
 10
20.701832561728395
 20
25.754147376543216
 10
20.721866666666667
 20
26.390666666666668
 10
20.741045216049386
 20
27.034797067901238
 10
20.75940617283951
 20
27.68648765432099
 10
20.776987499999997
 20
28.345687500000004
 10
20.793827160493827
 20
29.01234567901234
 10
20.80996311728395
 20
29.6864112654321
 10
20.825433333333333
 20
30.36783333333333
 10
20.840275771604936
 20
31.056560956790126
 10
20.854528395061728
 20
31.752543209876542
 10
20.868229166666666
 20
32.455729166666664
 10
20.881416049382715
 20
33.16606790123457
 10
20.894127006172837
 20
33.883508487654325
 10
20.906400000000005
 20
34.608000000000004
 10
20.91827299382716
 20
35.33949151234568
 10
20.929783950617285
 20
36.07793209876544
 10
20.94097083333333
 20
36.82327083333333
 10
20.951871604938272
 20
37.57545679012346
 10
20.96252422839506
 20
38.334439043209876
 10
20.972966666666668
 20
39.100166666666674
 10
20.983236882716053
 20
39.872588734567906
 10
20.993372839506176
 20
40.65165432098766
 10
21.0034125
 20
41.437312500000004
 10
21.013393827160492
 20
42.22951234567901
 10
21.02335478395062
 20
43.028202932098765
 10
21.033333333333335
 20
43.833333333333336
 10
21.043360802469135
 20
44.64484336419753
 10
21.05344197530864
 20
45.46263580246914
 10
21.063575
 20
46.28660416666667
 10
21.07375802469136
 20
47.116641975308646
 10
21.083989197530865
 20
47.95264274691358
 10
21.09426666666667
 20
48.79450000000001
 10
21.104588580246915
 20
49.642107253086415
 10
21.114953086419757
 20
50.49535802469136
 10
21.12535833333333
 20
51.35414583333333
 10
21.135802469135808
 20
52.218364197530875
 10
21.14628364197531
 20
53.08790663580247
 10
21.156800000000004
 20
53.96266666666668
 10
21.167349691358027
 20
54.84253780864197
 10
21.177930864197528
 20
55.72741358024692
 10
21.188541666666673
 20
56.6171875
 10
21.199180246913585
 20
57.511753086419766
 10
21.20984475308642
 20
58.411003858024685
 10
21.22053333333333
 20
59.314833333333326
 10
21.23124413580247
 20
60.22313503086419
 10
21.241975308641976
 20
61.13580246913581
 10
21.252725
 20
62.052729166666666
 10
21.263491358024687
 20
62.973808641975296
 10
21.274272530864202
 20
63.89893441358026
 10
21.28506666666667
 20
64.82800000000002
 10
21.295871913580246
 20
65.76089891975309
 10
21.30668641975309
 20
66.69752469135801
 10
21.31750833333334
 20
67.63777083333335
 10
21.32833580246914
 20
68.58153086419753
 10
21.33916697530864
 20
69.52869830246912
 10
21.349999999999998
 20
70.47916666666667
 10
21.36083302469136
 20
71.43282947530864
 10
21.371664197530865
 20
72.38958024691358
 10
21.38249166666667
 20
73.34931250000001
 10
21.39331358024691
 20
74.31191975308641
 10
21.40412808641976
 20
75.27729552469137
 10
21.414933333333337
 20
76.24533333333333
 10
21.425727469135804
 20
77.21592669753088
 10
21.436508641975312
 20
78.18896913580247
 10
21.447275
 20
79.16435416666667
 10
21.458024691358027
 20
80.14197530864197
 10
21.468755864197533
 20
81.12172608024692
 10
21.479466666666667
 20
82.1035
 10
21.49015524691358
 20
83.08719058641975
 10
21.500819753086418
 20
84.07269135802468
 10
21.511458333333334
 20
85.05989583333334
 10
21.522069135802468
 20
86.04869753086419
 10
21.532650308641976
 20
87.0389899691358
 10
21.543200000000006
 20
88.03066666666668
 10
21.553716358024694
 20
89.02362114197531
 10
21.5641975308642
 20
90.01774691358025
 10
21.574641666666665
 20
91.01293749999999
 10
21.58504691358025
 20
92.00908641975309
 10
21.595411419753084
 20
93.00608719135802
 10
21.605733333333337
 20
94.00383333333333
 10
21.616010802469138
 20
95.00221836419752
 10
21.626241975308645
 20
96.00113580246915
 10
21.636425000000003
 20
97.00047916666666
 10
21.64655802469136
 20
98.00014197530864
 10
21.656639197530865
 20
99.00001774691358
 10
21.666666666666668
 20
100.0
 10
21.676638580246912
 20
100.99997222222221
 10
21.686553086419753
 20
101.99977777777778
 10
21.69640833333333
 20
102.99924999999999
 10
21.706202469135803
 20
103.99822222222224
 10
21.715933641975305
 20
104.99652777777776
 10
21.7256
 20
105.994
 10
21.73519969135802
 20
106.99047222222221
 10
21.744730864197532
 20
107.98577777777778
 10
21.754191666666664
 20
108.97974999999998
 10
21.763580246913584
 20
109.97222222222223
 10
21.772894753086415
 20
110.96302777777778
 10
21.78213333333334
 20
111.95200000000003
 10
21.79129413580247
 20
112.93897222222223
 10
21.800375308641975
 20
113.92377777777777
 10
21.809374999999996
 20
114.90625
 10
21.818291358024698
 20
115.88622222222226
 10
21.827122530864198
 20
116.86352777777779
 10
21.83586666666666
 20
117.83799999999997
 10
21.844521913580245
 20
118.80947222222221
 10
21.85308641975309
 20
119.7777777777778
 10
21.86155833333333
 20
120.74275000000002
 10
21.86993580246913
 20
121.70422222222219
 10
21.878216975308646
 20
122.66202777777781
 10
21.886400000000002
 20
123.61600000000001
 10
21.89448302469135
 20
124.5659722222222
 10
21.90246419753086
 20
125.51177777777777
 10
21.910341666666667
 20
126.45325000000003
 10
21.91811358024691
 20
127.39022222222222
 10
21.925778086419744
 20
128.32252777777774
 10
21.933333333333334
 20
129.25
 10
21.9407774691358
 20
130.1724722222222
 10
21.94810864197531
 20
131.08977777777778
 10
21.955325
 20
132.00175000000002
 10
21.96242469135802
 20
132.90822222222224
 10
21.969405864197533
 20
133.8090277777778
 10
21.976266666666664
 20
134.704
 10
21.983005246913578
 20
135.59297222222224
 10
21.98961975308642
 20
136.47577777777778
 10
21.996108333333332
 20
137.35225
 10
22.002469135802464
 20
138.22222222222223
 10
22.008700308641973
 20
139.08552777777777
 10
22.014799999999997
 20
139.942
 10
22.020766358024687
 20
140.7914722222222
 10
22.026597530864194
 20
141.63377777777777
 10
22.032291666666666
 20
142.46875
 10
22.037846913580246
 20
143.29622222222224
 10
22.043261419753083
 20
144.1160277777778
 10
22.04853333333333
 20
144.928
 10
22.053660802469135
 20
145.73197222222223
 10
22.05864197530864
 20
146.5277777777778
 10
22.063474999999997
 20
147.31525
 10
22.068158024691357
 20
148.09422222222224
 10
22.072689197530863
 20
148.86452777777777
 10
22.077066666666667
 20
149.626
 10
22.081288580246913
 20
150.37847222222223
 10
22.08535308641975
 20
151.1217777777778
 10
22.089258333333333
 20
151.85575
 10
22.0930024691358
 20
152.5802222222222
 10
22.096583641975307
 20
153.29502777777776
 10
22.099999999999998
 20
154.0
 10
22.103251118827156
 20
154.69502391975305
 10
22.106342283950614
 20
155.3801913580247
 10
22.109280208333328
 20
156.0556458333333
 10
22.112071604938272
 20
156.72153086419752
 10
22.11472318672839
 20
157.3779899691358
 10
22.11724166666667
 20
158.0251666666667
 10
22.119633757716045
 20
158.66320447530865
 10
22.121906172839513
 20
159.29224691358027
 10
22.124065624999997
 20
159.91243749999998
 10
22.126118827160496
 20
160.52391975308643
 10
22.12807249228395
 20
161.12683719135802
 10
22.129933333333337
 20
161.72133333333335
 10
22.131708063271603
 20
162.30755169753087
 10
22.133403395061723
 20
162.88563580246912
 10
22.135026041666663
 20
163.45572916666666
 10
22.136582716049386
 20
164.01797530864204
 10
22.13808013117284
 20
164.57251774691358
 10
22.139524999999995
 20
165.1195
 10
22.140924035493825
 20
165.65906558641976
 10
22.142283950617283
 20
166.19135802469137
 10
22.143611458333332
 20
166.71652083333333
 10
22.144913271604935
 20
167.23469753086414
 10
22.146196103395067
 20
167.74603163580252
 10
22.14746666666667
 20
168.2506666666667
 10
22.148731674382713
 20
168.74874614197526
 10
22.149997839506174
 20
169.24041358024692
 10
22.151271875000006
 20
169.72581250000002
 10
22.15256049382716
 20
170.20508641975312
 10
22.153870408950613
 20
170.67837885802467
 10
22.155208333333334
 20
171.14583333333334
 10
22.156580979938276
 20
171.60759336419753
 10
22.157995061728393
 20
172.0638024691358
 10
22.159457291666673
 20
172.5146041666667
 10
22.160974382716052
 20
172.96014197530863
 10
22.16255304783951
 20
173.40055941358025
 10
22.1642
 20
173.836
 10
22.1659219521605
 20
174.26660725308642
 10
22.167725617283953
 20
174.69252469135802
 10
22.169617708333337
 20
175.11389583333332
 10
22.171604938271606
 20
175.53086419753083
 10
22.17369402006173
 20
175.94357330246913
 10
22.17589166666667
 20
176.35216666666668
 10
22.178204591049386
 20
176.75678780864195
 10
22.18063950617284
 20
177.15758024691357
 10
22.183203125000006
 20
177.5546875
 10
22.185902160493832
 20
177.94825308641973
 10
22.18874332561729
 20
178.33842052469134
 10
22.19173333333334
 20
178.72533333333334
 10
22.194878896604944
 20
179.1091350308642
 10
22.19818672839507
 20
179.48996913580248
 10
22.20166354166667
 20
179.86797916666666
 10
22.20531604938272
 20
180.24330864197532
 10
22.209150964506176
 20
180.6161010802469
 10
22.213175000000003
 20
180.9865
 10
22.217394868827164
 20
181.3546489197531
 10
22.22181728395062
 20
181.72069135802468
 10
22.22644895833334
 20
182.08477083333332
 10
22.231296604938272
 20
182.4470308641975
 10
22.2363669367284
 20
182.8076149691358
 10
22.24166666666667
 20
183.16666666666666
 10
22.24720875771605
 20
183.52431095679012
 10
22.253031172839506
 20
183.88059876543207
 10
22.259178125000002
 20
184.2355625
 10
22.2656938271605
 20
184.58923456790123
 10
22.272622492283954
 20
184.9416473765432
 10
22.28000833333334
 20
185.29283333333336
 10
22.287895563271604
 20
185.64282484567897
 10
22.29632839506174
 20
185.9916543209877
 10
22.30535104166667
 20
186.33935416666665
 10
22.31500771604939
 20
186.6859567901235
 10
22.325342631172845
 20
187.03149459876542
 10
22.336400000000012
 20
187.37600000000003
 10
22.348224035493836
 20
187.71950540123456
 10
22.360858950617285
 20
188.06204320987652
 10
22.37434895833334
 20
188.40364583333334
 10
22.388738271604947
 20
188.74434567901238
 10
22.40407110339506
 20
189.08417515432097
 10
22.420391666666667
 20
189.42316666666662
 10
22.43774417438272
 20
189.7613526234568
 10
22.456172839506177
 20
190.0987654320988
 10
22.475721875000005
 20
190.4354375
 10
22.49643549382716
 20
190.77140123456786
 10
22.518357908950627
 20
191.1066890432099
 10
22.541533333333337
 20
191.44133333333335
 10
22.56600597993827
 20
191.77536651234564
 10
22.591820061728402
 20
192.10882098765433
 10
22.619019791666673
 20
192.4417291666667
 10
22.647649382716057
 20
192.7741234567901
 10
22.677753047839502
 20
193.10603626543207
 10
22.709375000000005
 20
193.43749999999997
 10
22.742559452160496
 20
193.76854706790124
 10
22.777350617283954
 20
194.0992098765432
 10
22.813792708333338
 20
194.42952083333336
 10
22.85192993827161
 20
194.759512345679
 10
22.891806520061735
 20
195.08921682098764
 10
22.93346666666667
 20
195.41866666666667
 10
22.97695459104939
 20
195.7478942901235
 10
23.022314506172847
 20
196.07693209876544
 10
23.069590625000004
 20
196.4058125
 10
23.11882716049383
 20
196.73456790123456
 10
23.170068325617287
 20
197.06323070987654
 10
23.223358333333334
 20
197.39183333333332
 10
23.27874139660494
 20
197.72040817901234
 10
23.336261728395066
 20
198.04898765432097
 10
23.39596354166667
 20
198.37760416666669
 10
23.457891049382717
 20
198.7062901234568
 10
23.522088464506176
 20
199.03507793209877
 10
23.588600000000003
 20
199.36400000000003
 10
23.657469868827164
 20
199.6930887345679
 10
23.728742283950623
 20
200.02237654320993
 10
23.802461458333333
 20
200.35189583333334
 10
23.878671604938273
 20
200.68167901234568
 10
23.957416936728393
 20
201.01175848765433
 10
24.038741666666667
 20
201.34216666666669
 10
24.12269000771605
 20
201.67293595679013
 10
24.209306172839508
 20
202.0040987654321
 10
24.298634375
 20
202.3356875
 10
24.39071882716049
 20
202.66773456790125
 10
24.48560374228395
 20
203.00027237654322
 10
24.583333333333332
 20
203.33333333333334
 10
24.683939390432094
 20
203.66694212962963
 10
24.787404012345675
 20
204.0010925925926
 10
24.893696874999996
 20
204.3357708333333
 10
25.00278765432099
 20
204.670962962963
 10
25.114646026234563
 20
205.0066550925926
 10
25.229241666666667
 20
205.34283333333337
 10
25.346544251543204
 20
205.6794837962963
 10
25.466523456790128
 20
206.01659259259262
 10
25.58914895833333
 20
206.35414583333332
 10
25.714390432098767
 20
206.69212962962965
 10
25.842217554012343
 20
207.03053009259258
 10
25.972600000000003
 20
207.3693333333334
 10
26.10550744598765
 20
207.70852546296297
 10
26.240909567901227
 20
208.04809259259258
 10
26.378776041666665
 20
208.38802083333334
 10
26.51907654320988
 20
208.72829629629635
 10
26.661780748456792
 20
209.0689050925926
 10
26.806858333333327
 20
209.40983333333327
 10
26.95427897376543
 20
209.75106712962963
 10
27.10401234567901
 20
210.09259259259264
 10
27.256028125
 20
210.43439583333333
 10
27.410295987654315
 20
210.77646296296294
 10
27.56678560956791
 20
211.11878009259266
 10
27.72546666666667
 20
211.46133333333336
 10
27.886308834876534
 20
211.80410879629628
 10
28.049281790123455
 20
212.1470925925926
 10
28.214355208333334
 20
212.4902708333334
 10
28.3814987654321
 20
212.83362962962966
 10
28.55068213734567
 20
213.17715509259253
 10
28.721874999999997
 20
213.52083333333334
 10
28.89504702932099
 20
213.86465046296294
 10
29.070167901234566
 20
214.2085925925926
 10
29.24720729166667
 20
214.55264583333334
 10
29.426134876543202
 20
214.8967962962963
 10
29.60692033179012
 20
215.2410300925926
 10
29.789533333333335
 20
215.58533333333335
 10
29.97394355709877
 20
215.92969212962964
 10
30.160120679012344
 20
216.2740925925926
 10
30.348034374999997
 20
216.61852083333332
 10
30.53765432098765
 20
216.96296296296293
 10
30.728950192901234
 20
217.3074050925926
 10
30.921891666666664
 20
217.65183333333334
 10
31.116448418209878
 20
217.99623379629628
 10
31.312590123456786
 20
218.3405925925926
 10
31.510286458333333
 20
218.68489583333334
 10
31.70950709876543
 20
219.0291296296296
 10
31.91022172067901
 20
219.3732800925926
 10
32.1124
 20
219.71733333333336
 10
32.31601161265432
 20
220.06127546296298
 10
32.521026234567906
 20
220.4050925925926
 10
32.727413541666664
 20
220.74877083333334
 10
32.93514320987654
 20
221.0922962962963
 10
33.14418491512345
 20
221.43565509259258
 10
33.35450833333333
 20
221.77883333333335
 10
33.5660831404321
 20
222.12181712962962
 10
33.778879012345676
 20
222.4645925925926
 10
33.992865625
 20
222.80714583333335
 10
34.20801265432098
 20
223.14946296296296
 10
34.424289776234566
 20
223.4915300925926
 10
34.641666666666666
 20
223.83333333333334
 10
34.8601143132716
 20
224.17486033950615
 10
35.07960895061728
 20
224.5161049382716
 10
35.30012812499999
 20
224.85706249999998
 10
35.52164938271605
 20
225.19772839506174
 10
35.74415027006172
 20
225.53809799382714
 10
35.96760833333334
 20
225.8781666666667
 10
36.19200111882716
 20
226.21792978395058
 10
36.41730617283951
 20
226.5573827160494
 10
36.64350104166665
 20
226.89652083333328
 10
36.870563271604944
 20
227.2353395061729
 10
37.09847040895062
 20
227.57383410493827
 10
37.32720000000001
 20
227.91200000000006
 10
37.556729591049375
 20
228.2498325617284
 10
37.78703672839505
 20
228.5873271604938
 10
38.01809895833333
 20
228.92447916666666
 10
38.249893827160506
 20
229.26128395061735
 10
38.482398881172834
 20
229.59773688271602
 10
38.715591666666654
 20
229.9338333333333
 10
38.94944972993827
 20
230.2695686728395
 10
39.183950617283955
 20
230.60493827160496
 10
39.41907187500001
 20
230.9399375
 10
39.65479104938271
 20
231.274561728395
 10
39.8910856867284
 20
231.60880632716055
 10
40.12793333333334
 20
231.9426666666667
 10
40.36531153549381
 20
232.2761381172839
 10
40.60319783950617
 20
232.6092160493827
 10
40.84156979166667
 20
232.9418958333334
 10
41.080404938271606
 20
233.27417283950615
 10
41.319680825617276
 20
233.60604243827157
 10
41.559374999999996
 20
233.93750000000003
 10
41.79946500771605
 20
234.2685408950617
 10
42.039928395061736
 20
234.59916049382718
 10
42.280742708333335
 20
234.92935416666668
 10
42.52188549382716
 20
235.25911728395062
 10
42.763334297839506
 20
235.5884452160494
 10
43.005066666666664
 20
235.91733333333337
 10
43.247060146604944
 20
236.24577700617286
 10
43.48929228395062
 20
236.57377160493826
 10
43.731740625
 20
236.9013125
 10
43.97438271604938
 20
237.22839506172838
 10
44.21719610339506
 20
237.5550146604938
 10
44.46015833333333
 20
237.88116666666667
 10
44.7032469521605
 20
238.20684645061726
 10
44.94643950617284
 20
238.53204938271602
 10
45.18971354166666
 20
238.85677083333334
 10
45.43304660493827
 20
239.1810061728395
 10
45.67641624228395
 20
239.50475077160493
 10
45.91980000000001
 20
239.82800000000003
 10
46.163175424382715
 20
240.15074922839506
 10
46.4065200617284
 20
240.4729938271605
 10
46.64981145833333
 20
240.79472916666666
 10
46.89302716049383
 20
241.11595061728397
 10
47.13614471450617
 20
241.4366535493827
 10
47.37914166666667
 20
241.75683333333333
 10
47.62199556327161
 20
242.07648533950615
 10
47.864683950617284
 20
242.39560493827162
 10
48.107184374999996
 20
242.71418749999998
 10
48.34947438271605
 20
243.0322283950617
 10
48.59153152006173
 20
243.34972299382716
 10
48.833333333333336
 20
243.66666666666666
 10
49.07487577160493
 20
243.98306481481475
 10
49.31622839506173
 20
244.29896296296295
 10
49.55747916666665
 20
244.61441666666664
 10
49.79871604938272
 20
244.92948148148147
 10
50.04002700617283
 20
245.24421296296293
 10
50.28150000000001
 20
245.55866666666668
 10
50.523222993827154
 20
245.87289814814812
 10
50.765283950617295
 20
246.186962962963
 10
51.00777083333332
 20
246.5009166666666
 10
51.25077160493828
 20
246.81481481481484
 10
51.49437422839507
 20
247.12871296296294
 10
51.738666666666674
 20
247.44266666666675
 10
51.98373688271605
 20
247.75673148148147
 10
52.229672839506165
 20
248.07096296296294
 10
52.4765625
 20
248.38541666666666
 10
52.7244938271605
 20
248.70014814814823
 10
52.97355478395062
 20
249.01521296296298
 10
53.223833333333324
 20
249.33066666666662
 10
53.475417438271606
 20
249.6465648148148
 10
53.7283950617284
 20
249.962962962963
 10
53.98285416666667
 20
250.27991666666668
 10
54.23888271604937
 20
250.59748148148142
 10
54.49656867283952
 20
250.91571296296303
 10
54.75600000000001
 20
251.2346666666667
 10
55.017264660493815
 20
251.5543981481481
 10
55.28045061728395
 20
251.87496296296294
 10
55.54564583333335
 20
252.1964166666667
 10
55.81293827160494
 20
252.51881481481485
 10
56.082415895061715
 20
252.84221296296292
 10
56.35416666666667
 20
253.16666666666666
 10
56.62827854938271
 20
253.49223148148147
 10
56.904839506172834
 20
253.81896296296296
 10
57.1839375
 20
254.1469166666667
 10
57.46566049382716
 20
254.47614814814813
 10
57.75009645061729
 20
254.806712962963
 10
58.037333333333336
 20
255.1386666666667
 10
58.32745910493828
 20
255.47206481481484
 10
58.62056172839506
 20
255.80696296296298
 10
58.91672916666666
 20
256.14341666666667
 10
59.216049382716044
 20
256.48148148148147
 10
59.51861033950617
 20
256.82121296296293
 10
59.8245
 20
257.16266666666667
 10
60.13380632716049
 20
257.50589814814816
 10
60.446617283950616
 20
257.85096296296297
 10
60.763020833333336
 20
258.1979166666667
 10
61.0831049382716
 20
258.5468148148148
 10
61.40695756172839
 20
258.89771296296294
 10
61.734666666666676
 20
259.2506666666667
 10
62.06632021604939
 20
259.6057314814815
 10
62.402006172839506
 20
259.962962962963
 10
62.741812499999995
 20
260.32241666666664
 10
63.085827160493835
 20
260.6841481481482
 10
63.43413811728394
 20
261.04821296296296
 10
63.786833333333334
 20
261.4146666666667
 10
64.14400077160494
 20
261.78356481481484
 10
64.50572839506174
 20
262.154962962963
 10
64.87210416666667
 20
262.5289166666667
 10
65.24321604938271
 20
262.9054814814815
 10
65.61915200617284
 20
263.284712962963
 10
66.0
 20
263.6666666666667
 10
66.38581423410552
 20
264.0513811728395
 10
66.77651387284426
 20
264.4388271604939
 10
67.17198432084943
 20
264.82895833333333
 10
67.57211098275423
 20
265.22172839506175
 10
67.97677926319183
 20
265.6170910493827
 10
68.38587456679552
 20
266.01500000000004
 10
68.79928229819842
 20
266.41540895061723
 10
69.21688786203381
 20
266.81827160493833
 10
69.63857666293482
 20
267.2235416666666
 10
70.06423410553475
 20
267.63117283950623
 10
70.49374559446676
 20
268.04111882716046
 10
70.92699653436406
 20
268.45333333333343
 10
71.36387232985984
 20
268.8677700617284
 10
71.80425838558735
 20
269.2843827160494
 10
72.24804010617979
 20
269.703125
 10
72.69510289627036
 20
270.12395061728404
 10
73.14533216049223
 20
270.54681327160495
 10
73.59861330347864
 20
270.9716666666666
 10
74.05483172986285
 20
271.39846450617284
 10
74.513872844278
 20
271.8271604938272
 10
74.97562205135732
 20
272.2577083333333
 10
75.439964755734
 20
272.690061728395
 10
75.90678636204132
 20
273.12417438271615
 10
76.37597227491239
 20
273.56
 10
76.84740789898045
 20
273.9974922839506
 10
77.32097863887876
 20
274.43660493827156
 10
77.7965698992405
 20
274.87729166666674
 10
78.27406708469883
 20
275.3195061728395
 10
78.75335559988699
 20
275.76320216049373
 10
79.23432084943825
 20
276.20833333333337
 10
79.71684823798572
 20
276.6548533950617
 10
80.20082317016266
 20
277.1027160493827
 10
80.68613105060231
 20
277.55187500000005
 10
81.1726572839378
 20
278.00228395061725
 10
81.66028727480241
 20
278.45389660493834
 10
82.14890642782929
 20
278.9066666666667
 10
82.6384001476517
 20
279.3605478395062
 10
83.12865383890279
 20
279.8154938271605
 10
83.61955290621582
 20
280.2714583333333
 10
84.11098275422397
 20
280.7283950617284
 10
84.60282878756048
 20
281.1862577160494
 10
85.09497641085852
 20
281.645
 10
85.58731102875134
 20
282.10457561728396
 10
86.07971804587211
 20
282.5649382716049
 10
86.57208286685406
 20
283.0260416666667
 10
87.06429089633039
 20
283.4878395061728
 10
87.55622753893432
 20
283.9502854938272
 10
88.04777819929905
 20
284.4133333333334
 10
88.53882828205778
 20
284.8769367283951
 10
89.02926319184373
 20
285.34104938271605
 10
89.51896833329008
 20
285.80562499999996
 10
90.00782911103009
 20
286.2706172839506
 10
90.49573092969693
 20
286.7359799382716
 10
90.98255919392383
 20
287.2016666666667
 10
91.46819930834398
 20
287.6676311728395
 10
91.95253667759061
 20
288.13382716049387
 10
92.4354567062969
 20
288.60020833333334
 10
92.91684479909608
 20
289.0667283950617
 10
93.39658636062136
 20
289.53334104938267
 10
93.87456679550594
 20
290.0
 10
94.35068438839032
 20
290.4666651234568
 10
94.82488894394437
 20
290.93332098765427
 10
95.29714314684513
 20
291.3999583333333
 10
95.76740968176975
 20
291.86656790123453
 10
96.23565123339533
 20
292.3331404320987
 10
96.70183048639902
 20
292.79966666666667
 10
97.16591012545784
 20
293.26613734567894
 10
97.62785283524902
 20
293.7325432098766
 10
98.08762130044956
 20
294.19887499999993
 10
98.54517820573669
 20
294.6651234567901
 10
99.00048623578743
 20
295.13127932098763
 10
99.45350807527898
 20
295.59733333333344
 10
99.90420640888834
 20
296.0632762345679
 10
100.35254392129269
 20
296.5290987654321
 10
100.7984832971692
 20
296.9947916666667
 10
101.24198722119489
 20
297.46034567901245
 10
101.6830183780469
 20
297.9257515432099
 10
102.12153945240235
 20
298.39099999999996
 10
102.55751312893838
 20
298.8560817901235
 10
102.99090209233206
 20
299.320987654321
 10
103.42166902726052
 20
299.78570833333333
 10
103.84977661840087
 20
300.2502345679012
 10
104.2751875504303
 20
300.7145570987655
 10
104.69786450802577
 20
301.1786666666667
 10
105.1177701758645
 20
301.6425540123456
 10
105.53486723862359
 20
302.1062098765432
 10
105.94911838098017
 20
302.5696250000001
 10
106.36048628761128
 20
303.0327901234568
 10
106.76893364319406
 20
303.49569598765424
 10
107.17442313240572
 20
303.9583333333333
 10
107.57691743992326
 20
304.42069290123453
 10
107.97637925042383
 20
304.8827654320988
 10
108.37277124858457
 20
305.3445416666667
 10
108.76605611908255
 20
305.806012345679
 10
109.15619654659493
 20
306.26716820987656
 10
109.54315521579878
 20
306.728
 10
109.92689481137121
 20
307.18849845679017
 10
110.30737801798938
 20
307.64865432098765
 10
110.68456752033038
 20
308.1084583333333
 10
111.05842600307129
 20
308.5679012345679
 10
111.42891615088928
 20
309.0269737654321
 10
111.79600064846144
 20
309.48566666666665
 10
112.15964218046489
 20
309.94397067901235
 10
112.51980343157672
 20
310.4018765432099
 10
112.87644708647409
 20
310.859375
 10
113.22953582983406
 20
311.3164567901235
 10
113.57903234633378
 20
311.773112654321
 10
113.92489932065034
 20
312.2293333333334
 10
114.26709943746087
 20
312.68510956790124
 10
114.60559538144248
 20
313.1404320987655
 10
114.94034983727225
 20
313.5952916666667
 10
115.27132548962737
 20
314.0496790123457
 10
115.59848502318489
 20
314.5035848765432
 10
115.92179112262195
 20
314.95700000000005
 10
116.24120647261564
 20
315.4099151234568
 10
116.55669375784314
 20
315.86232098765436
 10
116.86821566298146
 20
316.31420833333334
 10
117.17573487270778
 20
316.76556790123453
 10
117.4792140716992
 20
317.2163904320988
 10
117.77861594463285
 20
317.6666666666667
 10
118.07390932288035
 20
318.11639043209874
 10
118.36508762459162
 20
318.5655679012346
 10
118.65215041461107
 20
319.01420833333333
 10
118.93509725778314
 20
319.4623209876544
 10
119.21392771895218
 20
319.90991512345676
 10
119.48864136296271
 20
320.357
 10
119.75923775465905
 20
320.8035848765432
 10
120.02571645888573
 20
321.2496790123457
 10
120.28807704048704
 20
321.69529166666666
 10
120.54631906430758
 20
322.1404320987655
 10
120.8004420951916
 20
322.5851095679012
 10
121.05044569798363
 20
323.02933333333345
 10
121.29632943752804
 20
323.4731126543209
 10
121.53809287866926
 20
323.91645679012345
 10
121.77573558625176
 20
324.359375
 10
122.00925712511993
 20
324.80187654320997
 10
122.23865706011811
 20
325.24397067901236
 10
122.46393495609084
 20
325.68566666666663
 10
122.68509037788253
 20
326.12697376543207
 10
122.9021228903376
 20
326.56790123456796
 10
123.1150320583004
 20
327.0084583333334
 10
123.32381744661535
 20
327.4486543209876
 10
123.52847862012705
 20
327.8884984567902
 10
123.7290151436797
 20
328.3280000000001
 10
123.9254265821178
 20
328.76716820987644
 10
124.11771250028586
 20
329.20601234567897
 10
124.30587246302825
 20
329.6445416666667
 10
124.48990603518928
 20
330.08276543209877
 10
124.66981278161349
 20
330.5206929012345
 10
124.84559226714534
 20
330.95833333333337
 10
125.01724405662915
 20
331.3956959876543
 10
125.18476771490938
 20
331.8327901234568
 10
125.34816280683049
 20
332.269625
 10
125.50742889723684
 20
332.7062098765432
 10
125.6625655509729
 20
333.1425540123457
 10
125.81357233288307
 20
333.57866666666666
 10
125.96044880781176
 20
334.01455709876547
 10
126.1031945406034
 20
334.45023456790125
 10
126.24180909610243
 20
334.88570833333335
 10
126.37629203915327
 20
335.3209876543209
 10
126.50664293460036
 20
335.75608179012346
 10
126.63286134728807
 20
336.191
 10
126.75494684206086
 20
336.62575154320984
 10
126.87289898376315
 20
337.0603456790123
 10
126.98671733723934
 20
337.49479166666663
 10
127.09640146733389
 20
337.92909876543206
 10
127.20195093889117
 20
338.3632762345679
 10
127.30336531675567
 20
338.79733333333337
 10
127.40064416577177
 20
339.2312793209877
 10
127.49378705078388
 20
339.6651234567901
 10
127.58279353663643
 20
340.098875
 10
127.66766318817388
 20
340.53254320987656
 10
127.7483955702406
 20
340.966137345679
 10
127.82499024768107
 20
341.3996666666667
 10
127.89744678533965
 20
341.83314043209873
 10
127.96576474806082
 20
342.26656790123457
 10
128.02994370068896
 20
342.6999583333333
 10
128.0899832080685
 20
343.1333209876543
 10
128.1458828350439
 20
343.5666651234568
 10
128.19764214645951
 20
344.0
 10
128.2452632246175
 20
344.4333395061728
 10
128.28875822165065
 20
344.8667160493827
 10
128.32814180714942
 20
345.30016666666666
 10
128.36342865070435
 20
345.7337283950618
 10
128.39463342190584
 20
346.16743827160485
 10
128.4217707903445
 20
346.6013333333334
 10
128.44485542561068
 20
347.0354506172839
 10
128.46390199729495
 20
347.4698271604939
 10
128.47892517498778
 20
347.9044999999999
 10
128.48993962827964
 20
348.33950617283955
 10
128.496960026761
 20
348.77488271604943
 10
128.50000104002243
 20
349.2106666666668
 10
128.49907733765426
 20
349.6468950617284
 10
128.4942035892471
 20
350.0836049382716
 10
128.4853944643914
 20
350.5208333333333
 10
128.47266463267763
 20
350.9586172839507
 10
128.45602876369628
 20
351.3969938271605
 10
128.4355015270378
 20
351.83599999999996
 10
128.41109759229278
 20
352.27567283950617
 10
128.38283162905162
 20
352.7160493827161
 10
128.3507183069048
 20
353.1571666666666
 10
128.31477229544282
 20
353.599061728395
 10
128.27500826425626
 20
354.04177160493833
 10
128.23144088293543
 20
354.48533333333336
 10
128.18408482107088
 20
354.9297839506172
 10
128.13295474825318
 20
355.3751604938272
 10
128.07806533407273
 20
355.8215
 10
128.01943124812
 20
356.26883950617287
 10
127.95706715998551
 20
356.7172160493826
 10
127.89098773925978
 20
357.1666666666667
 10
127.82120765553324
 20
357.6172283950617
 10
127.74774157839639
 20
358.06893827160496
 10
127.6706041774397
 20
358.5218333333334
 10
127.58981012225368
 20
358.97595061728396
 10
127.5053740824288
 20
359.4313271604938
 10
127.41731072755556
 20
359.888
 10
127.32563472722441
 20
360.34600617283957
 10
127.23036075102584
 20
360.8053827160494
 10
127.13150346855036
 20
361.2661666666666
 10
127.02907754938846
 20
361.72839506172835
 10
126.92309766313062
 20
362.1921049382716
 10
126.8135784793673
 20
362.65733333333327
 10
126.70053466768898
 20
363.12411728395057
 10
126.58398089768619
 20
363.59249382716047
 10
126.46393183894938
 20
364.0625
 10
126.34040216106902
 20
364.53417283950614
 10
126.21340653363563
 20
365.00754938271604
 10
126.0829596262397
 20
365.48266666666666
 10
125.94907610847164
 20
365.9595617283951
 10
125.81177064992204
 20
366.4382716049383
 10
125.67105792018128
 20
366.9188333333333
 10
125.52695258883995
 20
367.4012839506173
 10
125.37946932548844
 20
367.8856604938271
 10
125.2286227997173
 20
368.37199999999996
 10
125.07442768111697
 20
368.8603395061728
 10
124.91689863927797
 20
369.3507160493827
 10
124.75605034379076
 20
369.84316666666666
 10
124.59189746424585
 20
370.3377283950617
 10
124.42445467023369
 20
370.83443827160494
 10
124.25373663134478
 20
371.3333333333333
 10
124.07975553223231
 20
371.8344355709876
 10
123.90251361780042
 20
372.33770679012343
 10
123.7220106480159
 20
372.8430937499999
 10
123.53824638284563
 20
373.35054320987655
 10
123.35122058225632
 20
373.8600019290123
 10
123.16093300621492
 20
374.3714166666666
 10
122.96738341468813
 20
374.8847341820987
 10
122.77057156764288
 20
375.3999012345679
 10
122.57049722504588
 20
375.9168645833332
 10
122.3671601468641
 20
376.4355709876544
 10
122.16056009306422
 20
376.9559672067901
 10
121.95069682361319
 20
377.4780000000001
 10
121.73757009847769
 20
378.00161612654324
 10
121.52117967762463
 20
378.52676234567895
 10
121.30152532102083
 20
379.0533854166667
 10
121.07860678863314
 20
379.5814320987655
 10
120.8524238404283
 20
380.1108491512345
 10
120.62297623637316
 20
380.64158333333324
 10
120.39026373643462
 20
381.173581404321
 10
120.15428610057944
 20
381.7067901234568
 10
119.91504308877441
 20
382.24115624999996
 10
119.67253446098636
 20
382.7766265432098
 10
119.42675997718223
 20
383.31314776234575
 10
119.17771939732867
 20
383.8506666666667
 10
118.92541248139257
 20
384.389130015432
 10
118.66983898934085
 20
384.92848456790125
 10
118.41099868114027
 20
385.46867708333343
 10
118.14889131675753
 20
386.0096543209877
 10
117.88351665615957
 20
386.55136304012336
 10
117.61487445931324
 20
387.09374999999994
 10
117.34296448618531
 20
387.63676195987654
 10
117.0677864967426
 20
388.1803456790123
 10
116.78934025095197
 20
388.7244479166667
 10
116.50762550878021
 20
389.26901543209874
 10
116.22264203019415
 20
389.8139949845679
 10
115.9343895751606
 20
390.3593333333334
 10
115.64286790364639
 20
390.9049772376544
 10
115.34807677561835
 20
391.45087345679013
 10
115.0500159510433
 20
391.99696875
 10
114.74868518988806
 20
392.5432098765432
 10
114.44408425211947
 20
393.08954359567895
 10
114.13621289770433
 20
393.6359166666666
 10
113.82507088660947
 20
394.18227584876547
 10
113.5106579788017
 20
394.72856790123456
 10
113.19297393424787
 20
395.27473958333337
 10
112.87201851291479
 20
395.82073765432096
 10
112.54779147476927
 20
396.36650887345684
 10
112.22029257977816
 20
396.91200000000003
 10
111.88952158790823
 20
397.45715779320994
 10
111.55547825912637
 20
398.0019290123457
 10
111.21816235339935
 20
398.54626041666666
 10
110.87757363069402
 20
399.0900987654321
 10
110.53371185097717
 20
399.6333908179013
 10
110.1865767742157
 20
400.1760833333334
 10
109.83616816037633
 20
400.71812307098764
 10
109.48248576942595
 20
401.25945679012347
 10
109.12552936133137
 20
401.80003125
 10
108.7652986960594
 20
402.3397932098766
 10
108.40179353357686
 20
402.87868942901235
 10
108.0350136338506
 20
403.4166666666667
 10
107.66496094956757
 20
403.95367091049377
 10
107.29164620429565
 20
404.4896450617284
 10
106.91508231432266
 20
405.02453125
 10
106.53528219593662
 20
405.5582716049383
 10
106.15225876542542
 20
406.0908082561728
 10
105.7660249390771
 20
406.6220833333334
 10
105.37659363317951
 20
407.15203896604936
 10
104.98397776402068
 20
407.6806172839507
 10
104.58819024788849
 20
408.20776041666664
 10
104.18924400107097
 20
408.73341049382725
 10
103.78715193985595
 20
409.2575096450617
 10
103.38192698053155
 20
409.7800000000001
 10
102.9735820393855
 20
410.3008236882717
 10
102.56213003270594
 20
410.8199228395062
 10
102.14758387678071
 20
411.3372395833333
 10
101.72995648789784
 20
411.8527160493828
 10
101.30926078234518
 20
412.36629436728396
 10
100.88550967641073
 20
412.8779166666666
 10
100.4587160863825
 20
413.3875250771605
 10
100.02889292854834
 20
413.89506172839515
 10
99.59605311919623
 20
414.40046875
 10
99.1602095746141
 20
414.90368827160484
 10
98.72137521109
 20
415.40466242283964
 10
98.27956294491173
 20
415.90333333333336
 10
97.8347856923673
 20
416.39964313271594
 10
97.38705636974473
 20
416.8935339506173
 10
96.93638789333191
 20
417.3849479166668
 10
96.48279317941675
 20
417.8738271604938
 10
96.02628514428721
 20
418.3601138117283
 10
95.56687670423133
 20
418.84375000000006
 10
95.10458077553695
 20
419.3246778549383
 10
94.63941027449206
 20
419.80283950617286
 10
94.17137811738465
 20
420.27817708333333
 10
93.70049722050257
 20
420.7506327160494
 10
93.22678050013387
 20
421.2201485339507
 10
92.75024087256645
 20
421.6866666666667
 10
92.27089125408826
 20
422.1501292438272
 10
91.78874456098723
 20
422.61047839506176
 10
91.30381370955135
 20
423.06765625
 10
90.81611161606854
 20
423.5216049382716
 10
90.32565119682675
 20
423.97226658950615
 10
89.83244536811397
 20
424.4195833333333
 10
89.33650704621809
 20
424.86349729938263
 10
88.83784914742708
 20
425.30395061728393
 10
88.33648458802892
 20
425.7408854166667
 10
87.83242628431151
 20
426.17424382716047
 10
87.32568715256282
 20
426.6039679783951
 10
86.8162801090708
 20
427.03
 10
86.3042180701234
 20
427.45228202160496
 10
85.78951395200858
 20
427.87075617283955
 10
85.27218067101424
 20
428.2853645833333
 10
84.75223114342839
 20
428.69604938271607
 10
84.22967828553894
 20
429.1027527006172
 10
83.70453501363386
 20
429.5054166666667
 10
83.17681424400106
 20
429.9039834104938
 10
82.64652889292854
 20
430.29839506172834
 10
82.11369187670422
 20
430.68859375
 10
81.57831611161606
 20
431.07452160493824
 10
81.04041451395202
 20
431.4561207561728
 10
80.5
 20
431.8333333333333
 10
79.95708410493826
 20
432.2061168981481
 10
79.41167283950617
 20
432.57449074074077
 10
78.86377083333332
 20
432.93848958333325
 10
78.31338271604939
 20
433.29814814814813
 10
77.76051311728394
 20
433.65350115740733
 10
77.20516666666668
 20
434.0045833333334
 10
76.64734799382714
 20
434.3514293981481
 10
76.08706172839507
 20
434.694074074074
 10
75.5243125
 20
435.03255208333326
 10
74.95910493827162
 20
435.36689814814815
 10
74.3914436728395
 20
435.6971469907407
 10
73.82133333333336
 20
436.02333333333337
 10
73.24877854938272
 20
436.34549189814817
 10
72.67378395061729
 20
436.6636574074074
 10
72.09635416666667
 20
436.9778645833333
 10
71.5164938271605
 20
437.28814814814825
 10
70.93420756172839
 20
437.59454282407404
 10
70.34949999999999
 20
437.8970833333332
 10
69.76237577160494
 20
438.1958043981482
 10
69.17283950617285
 20
438.49074074074076
 10
68.58089583333333
 20
438.78192708333324
 10
67.98654938271605
 20
439.06939814814814
 10
67.38980478395062
 20
439.3531886574075
 10
66.79066666666668
 20
439.6333333333333
 10
66.18913966049381
 20
439.90986689814804
 10
65.58522839506172
 20
440.182824074074
 10
64.97893750000001
 20
440.45223958333344
 10
64.37027160493828
 20
440.7181481481481
 10
63.75923533950615
 20
440.9805844907406
 10
63.145833333333336
 20
441.2395833333333
 10
62.53007021604938
 20
441.4951793981481
 10
61.91195061728395
 20
441.7474074074074
 10
61.29147916666667
 20
441.9963020833334
 10
60.66866049382716
 20
442.2418981481481
 10
60.04349922839506
 20
442.48423032407413
 10
59.41600000000001
 20
442.72333333333336
 10
58.78616743827162
 20
442.9592418981482
 10
58.15400617283951
 20
443.1919907407407
 10
57.51952083333333
 20
443.4216145833334
 10
56.88271604938271
 20
443.64814814814815
 10
56.24359645061728
 20
443.8716261574074
 10
55.60216666666667
 20
444.09208333333333
 10
54.9584313271605
 20
444.3095543981481
 10
54.312395061728395
 20
444.52407407407406
 10
53.6640625
 20
444.7356770833333
 10
53.01343827160493
 20
444.94439814814814
 10
52.360527006172845
 20
445.15027199074075
 10
51.705333333333336
 20
445.35333333333335
 10
51.04786188271605
 20
445.55361689814816
 10
50.38811728395062
 20
445.75115740740745
 10
49.726104166666666
 20
445.94598958333336
 10
49.061827160493834
 20
446.13814814814816
 10
48.39529089506173
 20
446.327667824074
 10
47.7265
 20
446.51458333333335
 10
47.05545910493827
 20
446.69892939814815
 10
46.382172839506175
 20
446.88074074074075
 10
45.70664583333333
 20
447.0600520833333
 10
45.02888271604938
 20
447.23689814814816
 10
44.34888811728395
 20
447.4113136574074
 10
43.666666666666664
 20
447.5833333333333
 10
42.982228395061725
 20
447.7529834104938
 10
42.2956049382716
 20
447.9202561728396
 10
41.60683333333333
 20
448.08513541666656
 10
40.915950617283954
 20
448.2476049382716
 10
40.22299382716049
 20
448.4076485339506
 10
39.528000000000006
 20
448.56525
 10
38.8310061728395
 20
448.7203931327159
 10
38.132049382716055
 20
448.8730617283951
 10
37.43116666666666
 20
449.0232395833333
 10
36.7283950617284
 20
449.1709104938272
 10
36.02377160493827
 20
449.31605825617277
 10
35.31733333333334
 20
449.45866666666683
 10
34.60911728395062
 20
449.59871952160495
 10
33.899160493827154
 20
449.73620061728394
 10
33.1875
 20
449.87109375
 10
32.47417283950618
 20
450.0033827160495
 10
31.75921604938272
 20
450.13305131172837
 10
31.042666666666662
 20
450.2600833333332
 10
30.324561728395057
 20
450.3844625771605
 10
29.60493827160494
 20
450.5061728395062
 10
28.88383333333333
 20
450.62519791666665
 10
28.161283950617275
 20
450.74152160493816
 10
27.437327160493833
 20
450.85512770061734
 10
26.712
 20
450.96600000000007
 10
25.985339506172828
 20
451.0741222993826
 10
25.25738271604938
 20
451.1794783950618
 10
24.52816666666667
 20
451.28205208333344
 10
23.797728395061725
 20
451.3818271604938
 10
23.066104938271597
 20
451.4787874228394
 10
22.333333333333332
 20
451.57291666666663
 10
21.599450617283946
 20
451.6641986882716
 10
20.864493827160494
 20
451.7526172839506
 10
20.1285
 20
451.83815625
 10
19.391506172839506
 20
451.9207993827161
 10
18.653549382716047
 20
452.00053047839515
 10
17.91466666666667
 20
452.0773333333334
 10
17.174895061728396
 20
452.15119174382716
 10
16.43427160493827
 20
452.22208950617284
 10
15.692833333333331
 20
452.29001041666663
 10
14.950617283950617
 20
452.35493827160485
 10
14.20766049382716
 20
452.4168568672839
 10
13.464000000000002
 20
452.47575
 10
12.719672839506172
 20
452.53160146604944
 10
11.974716049382717
 20
452.58439506172834
 10
11.229166666666668
 20
452.6341145833333
 10
10.48306172839506
 20
452.6807438271605
 10
9.73643827160494
 20
452.7242665895062
 10
8.989333333333331
 20
452.7646666666667
 10
8.241783950617284
 20
452.8019278549383
 10
7.493827160493826
 20
452.8360339506173
 10
6.745500000000001
 20
452.86696874999996
 10
5.996839506172838
 20
452.89471604938274
 10
5.247882716049384
 20
452.9192596450617
 10
4.498666666666666
 20
452.94058333333334
 10
3.7492283950617296
 20
452.9586709104938
 10
2.999604938271604
 20
452.9735061728395
 10
2.2498333333333354
 20
452.98507291666664
 10
1.4999506172839503
 20
452.99335493827164
 10
0.7499938271604962
 20
452.9983360339506
 10
0.0
 20
453.0
 10
-0.7499938271604937
 20
452.9983360339505
 10
-1.4999506172839505
 20
452.99335493827164
 10
-2.2498333333333336
 20
452.9850729166666
 10
-2.9996049382716046
 20
452.9735061728395
 10
-3.749228395061728
 20
452.95867091049377
 10
-4.498666666666668
 20
452.9405833333334
 10
-5.247882716049383
 20
452.9192596450617
 10
-5.99683950617284
 20
452.8947160493828
 10
-6.7455
 20
452.8669687499999
 10
-7.493827160493827
 20
452.8360339506173
 10
-8.241783950617284
 20
452.8019278549382
 10
-8.989333333333336
 20
452.7646666666668
 10
-9.73643827160494
 20
452.7242665895062
 10
-10.483061728395063
 20
452.6807438271604
 10
-11.229166666666666
 20
452.6341145833333
 10
-11.974716049382717
 20
452.5843950617285
 10
-12.719672839506172
 20
452.5316014660494
 10
-13.463999999999997
 20
452.4757499999999
 10
-14.20766049382716
 20
452.41685686728385
 10
-14.950617283950615
 20
452.35493827160496
 10
-15.692833333333333
 20
452.29001041666663
 10
-16.434271604938267
 20
452.2220895061728
 10
-17.1748950617284
 20
452.15119174382727
 10
-17.91466666666667
 20
452.07733333333334
 10
-18.653549382716047
 20
452.000530478395
 10
-19.39150617283951
 20
451.92079938271604
 10
-20.128500000000003
 20
451.83815625000005
 10
-20.864493827160498
 20
451.7526172839506
 10
-21.599450617283946
 20
451.6641986882715
 10
-22.333333333333332
 20
451.5729166666667
 10
-23.066104938271607
 20
451.4787874228395
 10
-23.797728395061725
 20
451.3818271604938
 10
-24.52816666666667
 20
451.2820520833334
 10
-25.25738271604938
 20
451.1794783950617
 10
-25.985339506172842
 20
451.07412229938274
 10
-26.712
 20
450.96600000000007
 10
-27.43732716049383
 20
450.85512770061734
 10
-28.161283950617282
 20
450.74152160493827
 10
-28.88383333333333
 20
450.6251979166667
 10
-29.60493827160493
 20
450.5061728395061
 10
-30.32456172839506
 20
450.38446257716043
 10
-31.042666666666662
 20
450.26008333333334
 10
-31.759216049382715
 20
450.13305131172837
 10
-32.47417283950617
 20
450.0033827160494
 10
-33.1875
 20
449.87109375
 10
-33.89916049382716
 20
449.73620061728394
 10
-34.60911728395062
 20
449.59871952160495
 10
-35.31733333333334
 20
449.4586666666667
 10
-36.023771604938275
 20
449.3160582561728
 10
-36.7283950617284
 20
449.1709104938272
 10
-37.43116666666666
 20
449.0232395833333
 10
-38.132049382716055
 20
448.8730617283951
 10
-38.8310061728395
 20
448.720393132716
 10
-39.528
 20
448.56525
 10
-40.222993827160494
 20
448.4076485339506
 10
-40.915950617283954
 20
448.2476049382716
 10
-41.60683333333333
 20
448.0851354166666
 10
-42.2956049382716
 20
447.92025617283946
 10
-42.982228395061725
 20
447.7529834104938
 10
-43.666666666666664
 20
447.5833333333333
 10
-44.348888117283934
 20
447.41131365740733
 10
-45.02888271604938
 20
447.23689814814816
 10
-45.70664583333332
 20
447.0600520833333
 10
-46.38217283950618
 20
446.88074074074075
 10
-47.055459104938265
 20
446.6989293981481
 10
-47.7265
 20
446.51458333333335
 10
-48.39529089506172
 20
446.327667824074
 10
-49.061827160493834
 20
446.1381481481482
 10
-49.72610416666666
 20
445.94598958333336
 10
-50.38811728395062
 20
445.75115740740745
 10
-51.04786188271605
 20
445.5536168981481
 10
-51.70533333333335
 20
445.3533333333334
 10
-52.360527006172845
 20
445.15027199074075
 10
-53.01343827160494
 20
444.94439814814814
 10
-53.6640625
 20
444.7356770833333
 10
-54.31239506172842
 20
444.5240740740742
 10
-54.9584313271605
 20
444.3095543981482
 10
-55.602166666666655
 20
444.0920833333332
 10
-56.24359645061728
 20
443.8716261574074
 10
-56.88271604938272
 20
443.64814814814815
 10
-57.51952083333333
 20
443.42161458333334
 10
-58.15400617283949
 20
443.1919907407406
 10
-58.786167438271626
 20
442.95924189814826
 10
-59.41600000000001
 20
442.72333333333336
 10
-60.04349922839505
 20
442.48423032407396
 10
-60.66866049382716
 20
442.24189814814815
 10
-61.29147916666668
 20
441.99630208333343
 10
-61.91195061728396
 20
441.7474074074074
 10
-62.53007021604937
 20
441.495179398148
 10
-63.14583333333333
 20
441.2395833333333
 10
-63.759235339506176
 20
440.98058449074074
 10
-64.37027160493827
 20
440.71814814814815
 10
-64.9789375
 20
440.4522395833333
 10
-65.58522839506172
 20
440.182824074074
 10
-66.18913966049384
 20
439.90986689814815
 10
-66.79066666666668
 20
439.6333333333333
 10
-67.38980478395062
 20
439.3531886574075
 10
-67.98654938271605
 20
439.06939814814814
 10
-68.58089583333333
 20
438.78192708333336
 10
-69.17283950617283
 20
438.4907407407407
 10
-69.76237577160494
 20
438.19580439814814
 10
-70.3495
 20
437.8970833333333
 10
-70.93420756172839
 20
437.594542824074
 10
-71.51649382716049
 20
437.28814814814814
 10
-72.09635416666667
 20
436.9778645833333
 10
-72.67378395061729
 20
436.6636574074074
 10
-73.24877854938272
 20
436.3454918981481
 10
-73.82133333333334
 20
436.02333333333337
 10
-74.39144367283951
 20
435.69714699074075
 10
-74.95910493827162
 20
435.36689814814815
 10
-75.5243125
 20
435.0325520833333
 10
-76.08706172839507
 20
434.694074074074
 10
-76.64734799382715
 20
434.3514293981481
 10
-77.20516666666667
 20
434.00458333333336
 10
-77.76051311728395
 20
433.6535011574074
 10
-78.31338271604939
 20
433.29814814814813
 10
-78.86377083333332
 20
432.93848958333336
 10
-79.41167283950617
 20
432.5744907407407
 10
-79.95708410493828
 20
432.20611689814814
 10
-80.5
 20
431.8333333333333
 10
-81.04041451395199
 20
431.45612075617277
 10
-81.57831611161606
 20
431.07452160493824
 10
-82.11369187670422
 20
430.68859374999994
 10
-82.64652889292854
 20
430.2983950617284
 10
-83.17681424400106
 20
429.9039834104938
 10
-83.70453501363386
 20
429.5054166666667
 10
-84.22967828553892
 20
429.1027527006172
 10
-84.75223114342839
 20
428.696049382716
 10
-85.27218067101424
 20
428.28536458333326
 10
-85.78951395200858
 20
427.8707561728396
 10
-86.30421807012338
 20
427.45228202160496
 10
-86.81628010907082
 20
427.03000000000003
 10
-87.32568715256284
 20
426.603967978395
 10
-87.83242628431152
 20
426.17424382716047
 10
-88.33648458802891
 20
425.7408854166667
 10
-88.83784914742711
 20
425.30395061728404
 10
-89.33650704621809
 20
424.86349729938263
 10
-89.83244536811395
 20
424.4195833333332
 10
-90.32565119682675
 20
423.97226658950615
 10
-90.81611161606855
 20
423.5216049382716
 10
-91.30381370955135
 20
423.06765624999997
 10
-91.7887445609872
 20
422.61047839506165
 10
-92.27089125408827
 20
422.1501292438272
 10
-92.75024087256645
 20
421.68666666666667
 10
-93.22678050013384
 20
421.2201485339506
 10
-93.70049722050257
 20
420.7506327160494
 10
-94.17137811738466
 20
420.2781770833335
 10
-94.63941027449208
 20
419.80283950617286
 10
-95.10458077553693
 20
419.3246778549382
 10
-95.56687670423132
 20
418.84374999999994
 10
-96.02628514428723
 20
418.3601138117284
 10
-96.48279317941675
 20
417.8738271604938
 10
-96.9363878933319
 20
417.3849479166667
 10
-97.38705636974474
 20
416.8935339506173
 10
-97.83478569236735
 20
416.39964313271605
 10
-98.27956294491175
 20
415.90333333333336
 10
-98.72137521108999
 20
415.4046624228396
 10
-99.16020957461411
 20
414.903688271605
 10
-99.59605311919623
 20
414.40046875
 10
-100.02889292854832
 20
413.89506172839504
 10
-100.45871608638248
 20
413.3875250771605
 10
-100.88550967641075
 20
412.8779166666667
 10
-101.30926078234518
 20
412.36629436728396
 10
-101.72995648789781
 20
411.8527160493827
 10
-102.14758387678071
 20
411.3372395833333
 10
-102.56213003270594
 20
410.81992283950615
 10
-102.97358203938552
 20
410.30082368827163
 10
-103.38192698053152
 20
409.78000000000003
 10
-103.78715193985597
 20
409.25750964506176
 10
-104.18924400107096
 20
408.73341049382725
 10
-104.58819024788849
 20
408.20776041666664
 10
-104.98397776402066
 20
407.68061728395065
 10
-105.37659363317951
 20
407.1520389660494
 10
-105.7660249390771
 20
406.62208333333336
 10
-106.15225876542543
 20
406.09080825617286
 10
-106.5352821959366
 20
405.5582716049383
 10
-106.91508231432266
 20
405.02453125000005
 10
-107.29164620429563
 20
404.4896450617284
 10
-107.6649609495676
 20
403.9536709104939
 10
-108.0350136338506
 20
403.4166666666667
 10
-108.40179353357685
 20
402.87868942901235
 10
-108.7652986960594
 20
402.3397932098766
 10
-109.12552936133136
 20
401.80003124999996
 10
-109.48248576942596
 20
401.2594567901235
 10
-109.83616816037633
 20
400.71812307098764
 10
-110.18657677421571
 20
400.1760833333334
 10
-110.53371185097716
 20
399.6333908179012
 10
-110.87757363069403
 20
399.09009876543223
 10
-111.21816235339934
 20
398.54626041666666
 10
-111.55547825912639
 20
398.0019290123457
 10
-111.88952158790822
 20
397.45715779320983
 10
-112.22029257977817
 20
396.9120000000001
 10
-112.54779147476927
 20
396.36650887345684
 10
-112.87201851291478
 20
395.820737654321
 10
-113.19297393424787
 20
395.2747395833333
 10
-113.51065797880175
 20
394.7285679012347
 10
-113.82507088660947
 20
394.18227584876547
 10
-114.1362128977043
 20
393.6359166666666
 10
-114.44408425211945
 20
393.089543595679
 10
-114.74868518988809
 20
392.54320987654324
 10
-115.0500159510433
 20
391.99696875
 10
-115.34807677561832
 20
391.4508734567901
 10
-115.6428679036464
 20
390.90497723765435
 10
-115.9343895751606
 20
390.3593333333334
 10
-116.22264203019411
 20
389.81399498456784
 10
-116.5076255087802
 20
389.2690154320988
 10
-116.789340250952
 20
388.7244479166668
 10
-117.06778649674263
 20
388.18034567901236
 10
-117.3429644861853
 20
387.6367619598765
 10
-117.61487445931326
 20
387.09375000000006
 10
-117.88351665615959
 20
386.5513630401234
 10
-118.14889131675753
 20
386.0096543209877
 10
-118.41099868114023
 20
385.4686770833334
 10
-118.66983898934086
 20
384.9284845679012
 10
-118.92541248139264
 20
384.3891300154321
 10
-119.17771939732867
 20
383.8506666666667
 10
-119.42675997718221
 20
383.3131477623457
 10
-119.67253446098638
 20
382.7766265432099
 10
-119.91504308877438
 20
382.24115624999996
 10
-120.15428610057941
 20
381.70679012345676
 10
-120.3902637364346
 20
381.17358140432094
 10
-120.62297623637318
 20
380.6415833333333
 10
-120.8524238404283
 20
380.11084915123456
 10
-121.07860678863312
 20
379.5814320987654
 10
-121.30152532102085
 20
379.05338541666663
 10
-121.52117967762463
 20
378.526762345679
 10
-121.73757009847768
 20
378.0016161265432
 10
-121.95069682361317
 20
377.478
 10
-122.16056009306423
 20
376.9559672067901
 10
-122.36716014686411
 20
376.43557098765433
 10
-122.5704972250459
 20
375.9168645833333
 10
-122.77057156764286
 20
375.3999012345679
 10
-122.96738341468813
 20
374.8847341820987
 10
-123.1609330062149
 20
374.3714166666666
 10
-123.35122058225633
 20
373.86000192901236
 10
-123.53824638284561
 20
373.3505432098765
 10
-123.72201064801592
 20
372.84309375
 10
-123.90251361780044
 20
372.33770679012343
 10
-124.07975553223233
 20
371.83443557098764
 10
-124.25373663134478
 20
371.3333333333333
 10
-124.42445467023367
 20
370.8344382716049
 10
-124.59189746424585
 20
370.3377283950617
 10
-124.75605034379076
 20
369.8431666666666
 10
-124.91689863927797
 20
369.3507160493827
 10
-125.07442768111696
 20
368.8603395061728
 10
-125.2286227997173
 20
368.37199999999996
 10
-125.37946932548843
 20
367.8856604938271
 10
-125.52695258883996
 20
367.4012839506173
 10
-125.67105792018128
 20
366.9188333333332
 10
-125.81177064992205
 20
366.43827160493834
 10
-125.94907610847164
 20
365.95956172839504
 10
-126.08295962623971
 20
365.4826666666667
 10
-126.21340653363563
 20
365.00754938271604
 10
-126.34040216106901
 20
364.53417283950614
 10
-126.46393183894938
 20
364.0625
 10
-126.58398089768622
 20
363.5924938271605
 10
-126.700534667689
 20
363.12411728395057
 10
-126.81357847936727
 20
362.65733333333327
 10
-126.92309766313062
 20
362.19210493827154
 10
-127.02907754938849
 20
361.72839506172846
 10
-127.13150346855038
 20
361.26616666666666
 10
-127.23036075102581
 20
360.8053827160493
 10
-127.32563472722443
 20
360.34600617283957
 10
-127.41731072755555
 20
359.888
 10
-127.50537408242876
 20
359.43132716049377
 10
-127.58981012225368
 20
358.9759506172839
 10
-127.67060417743973
 20
358.52183333333335
 10
-127.74774157839639
 20
358.06893827160496
 10
-127.82120765553321
 20
357.61722839506166
 10
-127.89098773925978
 20
357.16666666666663
 10
-127.95706715998554
 20
356.71721604938267
 10
-128.01943124812001
 20
356.26883950617287
 10
-128.07806533407273
 20
355.8215
 10
-128.13295474825318
 20
355.37516049382714
 10
-128.1840848210709
 20
354.9297839506173
 10
-128.23144088293543
 20
354.48533333333336
 10
-128.27500826425626
 20
354.0417716049383
 10
-128.31477229544288
 20
353.59906172839504
 10
-128.3507183069048
 20
353.1571666666666
 10
-128.3828316290516
 20
352.71604938271605
 10
-128.41109759229278
 20
352.27567283950617
 10
-128.43550152703784
 20
351.836
 10
-128.45602876369628
 20
351.3969938271605
 10
-128.4726646326776
 20
350.9586172839506
 10
-128.4853944643914
 20
350.52083333333337
 10
-128.4942035892471
 20
350.0836049382716
 10
-128.49907733765426
 20
349.6468950617284
 10
-128.5000010400224
 20
349.2106666666667
 10
-128.49696002676103
 20
348.77488271604943
 10
-128.48993962827964
 20
348.3395061728395
 10
-128.47892517498778
 20
347.9045
 10
-128.46390199729495
 20
347.4698271604938
 10
-128.44485542561068
 20
347.0354506172839
 10
-128.4217707903445
 20
346.60133333333334
 10
-128.39463342190587
 20
346.1674382716049
 10
-128.36342865070435
 20
345.73372839506175
 10
-128.32814180714945
 20
345.30016666666666
 10
-128.28875822165062
 20
344.8667160493827
 10
-128.2452632246175
 20
344.43333950617284
 10
-128.19764214645951
 20
344.0
 10
-128.14588283504384
 20
343.5666651234568
 10
-128.0899832080685
 20
343.13332098765426
 10
-128.02994370068896
 20
342.69995833333326
 10
-127.96576474806082
 20
342.26656790123457
 10
-127.89744678533965
 20
341.8331404320987
 10
-127.82499024768107
 20
341.3996666666667
 10
-127.74839557024059
 20
340.96613734567893
 10
-127.66766318817389
 20
340.53254320987656
 10
-127.58279353663642
 20
340.09887499999996
 10
-127.49378705078387
 20
339.6651234567901
 10
-127.40064416577175
 20
339.23127932098765
 10
-127.30336531675569
 20
338.7973333333334
 10
-127.2019509388912
 20
338.3632762345679
 10
-127.09640146733388
 20
337.9290987654321
 10
-126.98671733723936
 20
337.4947916666667
 10
-126.87289898376318
 20
337.0603456790124
 10
-126.75494684206086
 20
336.6257515432099
 10
-126.63286134728806
 20
336.1909999999999
 10
-126.50664293460036
 20
335.75608179012346
 10
-126.3762920391533
 20
335.320987654321
 10
-126.24180909610244
 20
334.88570833333335
 10
-126.10319454060337
 20
334.45023456790113
 10
-125.96044880781179
 20
334.0145570987655
 10
-125.81357233288306
 20
333.5786666666667
 10
-125.66256555097287
 20
333.1425540123456
 10
-125.50742889723684
 20
332.7062098765432
 10
-125.34816280683052
 20
332.2696250000001
 10
-125.18476771490941
 20
331.8327901234568
 10
-125.01724405662912
 20
331.3956959876542
 10
-124.84559226714534
 20
330.9583333333333
 10
-124.66981278161352
 20
330.52069290123455
 10
-124.48990603518928
 20
330.08276543209877
 10
-124.30587246302821
 20
329.64454166666667
 10
-124.11771250028586
 20
329.20601234567897
 10
-123.92542658211784
 20
328.76716820987656
 10
-123.7290151436797
 20
328.32800000000003
 10
-123.52847862012702
 20
327.88849845679016
 10
-123.32381744661538
 20
327.44865432098766
 10
-123.11503205830039
 20
327.00845833333335
 10
-122.90212289033755
 20
326.5679012345679
 10
-122.68509037788255
 20
326.1269737654321
 10
-122.46393495609087
 20
325.68566666666663
 10
-122.23865706011813
 20
325.24397067901236
 10
-122.00925712511989
 20
324.8018765432099
 10
-121.77573558625176
 20
324.359375
 10
-121.53809287866926
 20
323.91645679012345
 10
-121.29632943752804
 20
323.47311265432097
 10
-121.05044569798363
 20
323.0293333333334
 10
-120.80044209519161
 20
322.58510956790127
 10
-120.54631906430757
 20
322.1404320987655
 10
-120.28807704048705
 20
321.69529166666666
 10
-120.02571645888571
 20
321.2496790123457
 10
-119.75923775465905
 20
320.8035848765432
 10
-119.48864136296271
 20
320.357
 10
-119.21392771895218
 20
319.9099151234568
 10
-118.93509725778314
 20
319.4623209876544
 10
-118.65215041461109
 20
319.01420833333333
 10
-118.36508762459164
 20
318.56556790123454
 10
-118.07390932288037
 20
318.1163904320988
 10
-117.77861594463285
 20
317.6666666666667
 10
-117.47921407169918
 20
317.21639043209876
 10
-117.17573487270776
 20
316.76556790123453
 10
-116.86821566298143
 20
316.3142083333333
 10
-116.55669375784312
 20
315.8623209876544
 10
-116.24120647261563
 20
315.40991512345676
 10
-115.92179112262197
 20
314.95700000000005
 10
-115.59848502318488
 20
314.5035848765432
 10
-115.27132548962739
 20
314.04967901234573
 10
-114.94034983727224
 20
313.5952916666666
 10
-114.60559538144248
 20
313.1404320987655
 10
-114.26709943746087
 20
312.68510956790124
 10
-113.92489932065035
 20
312.2293333333334
 10
-113.57903234633378
 20
311.773112654321
 10
-113.22953582983403
 20
311.3164567901234
 10
-112.87644708647409
 20
310.859375
 10
-112.51980343157675
 20
310.40187654320994
 10
-112.1596421804649
 20
309.94397067901235
 10
-111.79600064846143
 20
309.48566666666665
 10
-111.4289161508893
 20
309.0269737654321
 10
-111.05842600307132
 20
308.56790123456796
 10
-110.68456752033038
 20
308.1084583333333
 10
-110.30737801798935
 20
307.6486543209876
 10
-109.92689481137124
 20
307.1884984567902
 10
-109.54315521579878
 20
306.728
 10
-109.15619654659488
 20
306.26716820987644
 10
-108.76605611908255
 20
305.806012345679
 10
-108.3727712485846
 20
305.3445416666667
 10
-107.97637925042385
 20
304.88276543209884
 10
-107.57691743992325
 20
304.4206929012345
 10
-107.17442313240572
 20
303.95833333333337
 10
-106.76893364319409
 20
303.4956959876543
 10
-106.36048628761125
 20
303.0327901234568
 10
-105.94911838098015
 20
302.56962500000003
 10
-105.53486723862358
 20
302.1062098765432
 10
-105.11777017586451
 20
301.6425540123457
 10
-104.69786450802579
 20
301.1786666666667
 10
-104.27518755043027
 20
300.71455709876545
 10
-103.84977661840088
 20
300.2502345679012
 10
-103.42166902726053
 20
299.78570833333333
 10
-102.99090209233205
 20
299.32098765432096
 10
-102.55751312893837
 20
298.8560817901234
 10
-102.12153945240235
 20
298.39099999999996
 10
-101.68301837804691
 20
297.92575154320986
 10
-101.24198722119488
 20
297.46034567901233
 10
-100.79848329716918
 20
296.99479166666663
 10
-100.35254392129272
 20
296.5290987654321
 10
-99.90420640888834
 20
296.06327623456787
 10
-99.45350807527896
 20
295.5973333333334
 10
-99.00048623578743
 20
295.1312793209877
 10
-98.54517820573669
 20
294.6651234567901
 10
-98.08762130044957
 20
294.19887499999993
 10
-97.627852835249
 20
293.73254320987655
 10
-97.16591012545786
 20
293.266137345679
 10
-96.701830486399
 20
292.79966666666667
 10
-96.23565123339534
 20
292.33314043209873
 10
-95.76740968176976
 20
291.8665679012346
 10
-95.29714314684514
 20
291.3999583333333
 10
-94.82488894394437
 20
290.93332098765427
 10
-94.35068438839033
 20
290.4666651234568
 10
-93.87456679550594
 20
290.0
 10
-93.39658636062134
 20
289.53334104938267
 10
-92.9168447990961
 20
289.0667283950617
 10
-92.43545670629689
 20
288.6002083333333
 10
-91.95253667759061
 20
288.13382716049387
 10
-91.46819930834398
 20
287.6676311728395
 10
-90.98255919392386
 20
287.2016666666667
 10
-90.49573092969692
 20
286.73597993827156
 10
-90.0078291110301
 20
286.2706172839507
 10
-89.51896833329008
 20
285.80562499999996
 10
-89.02926319184374
 20
285.3410493827161
 10
-88.53882828205776
 20
284.87693672839504
 10
-88.04777819929906
 20
284.4133333333334
 10
-87.55622753893432
 20
283.95028549382715
 10
-87.0642908963304
 20
283.4878395061728
 10
-86.57208286685406
 20
283.0260416666667
 10
-86.07971804587214
 20
282.56493827160506
 10
-85.58731102875136
 20
282.10457561728396
 10
-85.09497641085851
 20
281.645
 10
-84.60282878756048
 20
281.1862577160494
 10
-84.11098275422398
 20
280.7283950617284
 10
-83.61955290621583
 20
280.2714583333333
 10
-83.12865383890276
 20
279.8154938271604
 10
-82.6384001476517
 20
279.36054783950624
 10
-82.14890642782929
 20
278.9066666666667
 10
-81.66028727480237
 20
278.4538966049382
 10
-81.1726572839378
 20
278.0022839506173
 10
-80.68613105060233
 20
277.55187500000005
 10
-80.20082317016269
 20
277.10271604938276
 10
-79.7168482379857
 20
276.65485339506165
 10
-79.23432084943823
 20
276.2083333333333
 10
-78.753355599887
 20
275.7632021604938
 10
-78.27406708469883
 20
275.3195061728395
 10
-77.79656989924048
 20
274.8772916666667
 10
-77.32097863887876
 20
274.4366049382716
 10
-76.84740789898046
 20
273.99749228395063
 10
-76.37597227491239
 20
273.56
 10
-75.9067863620413
 20
273.1241743827161
 10
-75.43996475573402
 20
272.69006172839505
 10
-74.9756220513573
 20
272.2577083333333
 10
-74.51387284427798
 20
271.82716049382714
 10
-74.05483172986284
 20
271.39846450617284
 10
-73.59861330347866
 20
270.97166666666664
 10
-73.14533216049222
 20
270.54681327160495
 10
-72.69510289627033
 20
270.123950617284
 10
-72.24804010617979
 20
269.703125
 10
-71.80425838558736
 20
269.2843827160494
 10
-71.36387232985984
 20
268.8677700617284
 10
-70.92699653436406
 20
268.4533333333334
 10
-70.49374559446676
 20
268.0411188271605
 10
-70.06423410553475
 20
267.63117283950623
 10
-69.63857666293484
 20
267.2235416666666
 10
-69.2168878620338
 20
266.81827160493833
 10
-68.79928229819842
 20
266.4154089506173
 10
-68.38587456679551
 20
266.01500000000004
 10
-67.97677926319184
 20
265.61709104938274
 10
-67.57211098275423
 20
265.22172839506175
 10
-67.17198432084945
 20
264.82895833333333
 10
-66.77651387284428
 20
264.4388271604938
 10
-66.38581423410554
 20
264.0513811728395
 10
-66.0
 20
263.6666666666667
 10
-65.61915200617283
 20
263.2847129629629
 10
-65.24321604938271
 20
262.9054814814815
 10
-64.87210416666665
 20
262.52891666666665
 10
-64.50572839506174
 20
262.15496296296294
 10
-64.14400077160494
 20
261.7835648148147
 10
-63.78683333333334
 20
261.41466666666673
 10
-63.43413811728394
 20
261.0482129629629
 10
-63.085827160493835
 20
260.68414814814815
 10
-62.74181249999999
 20
260.32241666666664
 10
-62.40200617283951
 20
259.962962962963
 10
-62.066320216049384
 20
259.6057314814815
 10
-61.73466666666669
 20
259.2506666666668
 10
-61.40695756172839
 20
258.897712962963
 10
-61.083104938271596
 20
258.5468148148148
 10
-60.763020833333336
 20
258.1979166666667
 10
-60.44661728395064
 20
257.850962962963
 10
-60.13380632716049
 20
257.50589814814816
 10
-59.824499999999986
 20
257.1626666666666
 10
-59.518610339506175
 20
256.821212962963
 10
-59.21604938271605
 20
256.4814814814815
 10
-58.91672916666668
 20
256.14341666666667
 10
-58.620561728395046
 20
255.8069629629629
 10
-58.327459104938285
 20
255.47206481481487
 10
-58.03733333333334
 20
255.13866666666672
 10
-57.75009645061727
 20
254.80671296296288
 10
-57.46566049382716
 20
254.4761481481481
 10
-57.18393750000001
 20
254.14691666666673
 10
-56.904839506172834
 20
253.81896296296298
 10
-56.628278549382706
 20
253.49223148148144
 10
-56.354166666666664
 20
253.16666666666669
 10
-56.08241589506173
 20
252.84221296296295
 10
-55.812938271604935
 20
252.5188148148148
 10
-55.54564583333334
 20
252.1964166666667
 10
-55.28045061728395
 20
251.87496296296297
 10
-55.01726466049383
 20
251.55439814814818
 10
-54.756
 20
251.23466666666667
 10
-54.49656867283951
 20
250.915712962963
 10
-54.23888271604939
 20
250.59748148148148
 10
-53.98285416666667
 20
250.27991666666665
 10
-53.72839506172839
 20
249.96296296296293
 10
-53.475417438271606
 20
249.64656481481478
 10
-53.22383333333333
 20
249.33066666666667
 10
-52.97355478395062
 20
249.01521296296295
 10
-52.724493827160494
 20
248.70014814814812
 10
-52.4765625
 20
248.38541666666666
 10
-52.22967283950617
 20
248.07096296296294
 10
-51.98373688271605
 20
247.7567314814815
 10
-51.738666666666674
 20
247.4426666666667
 10
-51.49437422839506
 20
247.12871296296296
 10
-51.25077160493828
 20
246.81481481481484
 10
-51.00777083333333
 20
246.50091666666665
 10
-50.76528395061729
 20
246.18696296296298
 10
-50.52322299382716
 20
245.87289814814812
 10
-50.2815
 20
245.55866666666668
 10
-50.04002700617284
 20
245.24421296296293
 10
-49.79871604938272
 20
244.9294814814815
 10
-49.55747916666667
 20
244.61441666666667
 10
-49.31622839506173
 20
244.29896296296295
 10
-49.07487577160494
 20
243.9830648148148
 10
-48.833333333333336
 20
243.66666666666666
 10
-48.59153152006172
 20
243.3497229938271
 10
-48.34947438271605
 20
243.0322283950617
 10
-48.107184374999996
 20
242.71418749999992
 10
-47.86468395061729
 20
242.3956049382716
 10
-47.621995563271604
 20
242.07648533950615
 10
-47.37914166666667
 20
241.75683333333336
 10
-47.13614471450617
 20
241.43665354938267
 10
-46.89302716049384
 20
241.115950617284
 10
-46.649811458333325
 20
240.79472916666663
 10
-46.40652006172841
 20
240.47299382716054
 10
-46.163175424382715
 20
240.15074922839503
 10
-45.91980000000001
 20
239.8280000000001
 10
-45.676416242283956
 20
239.50475077160493
 10
-45.43304660493827
 20
239.1810061728395
 10
-45.18971354166667
 20
238.85677083333334
 10
-44.94643950617285
 20
238.5320493827161
 10
-44.70324695216049
 20
238.20684645061726
 10
-44.46015833333332
 20
237.88116666666662
 10
-44.21719610339507
 20
237.5550146604938
 10
-43.974382716049384
 20
237.2283950617284
 10
-43.731740625
 20
236.90131250000002
 10
-43.48929228395061
 20
236.57377160493823
 10
-43.247060146604944
 20
236.2457770061729
 10
-43.00506666666667
 20
235.91733333333337
 10
-42.76333429783949
 20
235.58844521604934
 10
-42.521885493827156
 20
235.25911728395062
 10
-42.28074270833335
 20
234.9293541666667
 10
-42.039928395061736
 20
234.59916049382716
 10
-41.79946500771604
 20
234.26854089506165
 10
-41.559375
 20
233.93749999999997
 10
-41.319680825617276
 20
233.60604243827157
 10
-41.080404938271606
 20
233.27417283950618
 10
-40.84156979166667
 20
232.94189583333335
 10
-40.603197839506166
 20
232.60921604938272
 10
-40.365311535493824
 20
232.27613811728395
 10
-40.12793333333334
 20
231.94266666666667
 10
-39.891085686728395
 20
231.60880632716052
 10
-39.65479104938272
 20
231.27456172839507
 10
-39.419071875
 20
230.93993749999998
 10
-39.18395061728395
 20
230.6049382716049
 10
-38.94944972993827
 20
230.2695686728395
 10
-38.71559166666667
 20
229.93383333333333
 10
-38.48239888117284
 20
229.59773688271605
 10
-38.24989382716049
 20
229.26128395061727
 10
-38.01809895833333
 20
228.92447916666666
 10
-37.78703672839506
 20
228.58732716049383
 10
-37.55672959104938
 20
228.2498325617284
 10
-37.327200000000005
 20
227.912
 10
-37.09847040895062
 20
227.57383410493827
 10
-36.87056327160494
 20
227.23533950617286
 10
-36.64350104166667
 20
226.89652083333334
 10
-36.4173061728395
 20
226.5573827160494
 10
-36.19200111882716
 20
226.2179297839506
 10
-35.96760833333333
 20
225.8781666666667
 10
-35.74415027006173
 20
225.53809799382714
 10
-35.52164938271605
 20
225.19772839506174
 10
-35.300128125
 20
224.8570625
 10
-35.07960895061728
 20
224.5161049382716
 10
-34.86011431327161
 20
224.17486033950618
 10
-34.641666666666666
 20
223.83333333333334
 10
-34.424289776234566
 20
223.4915300925926
 10
-34.20801265432099
 20
223.14946296296299
 10
-33.99286562499999
 20
222.80714583333332
 10
-33.77887901234568
 20
222.46459259259262
 10
-33.56608314043209
 20
222.1218171296296
 10
-33.354508333333335
 20
221.77883333333338
 10
-33.14418491512345
 20
221.43565509259255
 10
-32.93514320987654
 20
221.09229629629635
 10
-32.727413541666664
 20
220.74877083333334
 10
-32.521026234567906
 20
220.40509259259267
 10
-32.316011612654314
 20
220.06127546296293
 10
-32.11240000000001
 20
219.71733333333339
 10
-31.91022172067901
 20
219.37328009259258
 10
-31.709507098765428
 20
219.0291296296296
 10
-31.51028645833333
 20
218.68489583333334
 10
-31.312590123456793
 20
218.34059259259269
 10
-31.116448418209874
 20
217.99623379629628
 10
-30.92189166666666
 20
217.6518333333333
 10
-30.728950192901234
 20
217.30740509259257
 10
-30.537654320987656
 20
216.962962962963
 10
-30.348034374999997
 20
216.61852083333332
 10
-30.160120679012337
 20
216.27409259259255
 10
-29.97394355709877
 20
215.92969212962967
 10
-29.789533333333335
 20
215.58533333333335
 10
-29.60692033179011
 20
215.24103009259255
 10
-29.42613487654321
 20
214.8967962962963
 10
-29.24720729166667
 20
214.5526458333334
 10
-29.07016790123457
 20
214.2085925925926
 10
-28.895047029320978
 20
213.8646504629629
 10
-28.721875
 20
213.52083333333334
 10
-28.550682137345678
 20
213.17715509259259
 10
-28.3814987654321
 20
212.83362962962963
 10
-28.21435520833333
 20
212.49027083333334
 10
-28.04928179012345
 20
212.1470925925926
 10
-27.886308834876544
 20
211.8041087962963
 10
-27.725466666666666
 20
211.46133333333333
 10
-27.5667856095679
 20
211.1187800925926
 10
-27.410295987654322
 20
210.77646296296297
 10
-27.256028124999997
 20
210.43439583333333
 10
-27.10401234567901
 20
210.09259259259258
 10
-26.954278973765433
 20
209.75106712962963
 10
-26.80685833333333
 20
209.40983333333332
 10
-26.661780748456785
 20
209.0689050925926
 10
-26.519076543209877
 20
208.7282962962963
 10
-26.378776041666665
 20
208.38802083333334
 10
-26.240909567901234
 20
208.04809259259258
 10
-26.105507445987655
 20
207.70852546296297
 10
-25.9726
 20
207.36933333333337
 10
-25.842217554012347
 20
207.0305300925926
 10
-25.714390432098767
 20
206.69212962962965
 10
-25.589148958333332
 20
206.35414583333335
 10
-25.46652345679012
 20
206.0165925925926
 10
-25.346544251543207
 20
205.6794837962963
 10
-25.229241666666667
 20
205.34283333333335
 10
-25.114646026234567
 20
205.0066550925926
 10
-25.002787654320986
 20
204.67096296296296
 10
-24.893696875
 20
204.33577083333333
 10
-24.787404012345675
 20
204.0010925925926
 10
-24.683939390432098
 20
203.66694212962963
 10
-24.583333333333332
 20
203.33333333333334
 10
-24.485603742283946
 20
203.0002723765432
 10
-24.39071882716049
 20
202.66773456790125
 10
-24.298634375
 20
202.33568749999998
 10
-24.209306172839508
 20
202.0040987654321
 10
-24.122690007716045
 20
201.6729359567901
 10
-24.038741666666667
 20
201.34216666666669
 10
-23.957416936728393
 20
201.0117584876543
 10
-23.878671604938276
 20
200.68167901234568
 10
-23.80246145833333
 20
200.35189583333332
 10
-23.72874228395062
 20
200.02237654320987
 10
-23.657469868827164
 20
199.6930887345679
 10
-23.58860000000001
 20
199.36400000000003
 10
-23.522088464506176
 20
199.03507793209877
 10
-23.457891049382717
 20
198.7062901234568
 10
-23.39596354166667
 20
198.37760416666666
 10
-23.33626172839507
 20
198.04898765432102
 10
-23.278741396604943
 20
197.72040817901234
 10
-23.223358333333334
 20
197.39183333333332
 10
-23.170068325617287
 20
197.06323070987654
 10
-23.118827160493833
 20
196.73456790123458
 10
-23.069590625000004
 20
196.4058125
 10
-23.02231450617284
 20
196.07693209876538
 10
-22.976954591049388
 20
195.7478942901235
 10
-22.93346666666667
 20
195.41866666666667
 10
-22.891806520061724
 20
195.0892168209876
 10
-22.85192993827161
 20
194.759512345679
 10
-22.81379270833334
 20
194.42952083333336
 10
-22.777350617283954
 20
194.09920987654323
 10
-22.742559452160492
 20
193.7685470679012
 10
-22.709375
 20
193.43750000000003
 10
-22.67775304783951
 20
193.10603626543207
 10
-22.647649382716054
 20
192.77412345679014
 10
-22.61901979166667
 20
192.44172916666668
 10
-22.5918200617284
 20
192.10882098765433
 10
-22.56600597993828
 20
191.77536651234567
 10
-22.541533333333337
 20
191.44133333333335
 10
-22.518357908950623
 20
191.10668904320988
 10
-22.496435493827164
 20
190.7714012345679
 10
-22.475721875
 20
190.43543749999998
 10
-22.456172839506173
 20
190.09876543209876
 10
-22.43774417438272
 20
189.7613526234568
 10
-22.420391666666667
 20
189.42316666666665
 10
-22.40407110339506
 20
189.08417515432097
 10
-22.38873827160494
 20
188.74434567901233
 10
-22.374348958333336
 20
188.40364583333331
 10
-22.360858950617285
 20
188.06204320987655
 10
-22.34822403549383
 20
187.71950540123458
 10
-22.336400000000005
 20
187.37600000000003
 10
-22.325342631172838
 20
187.03149459876545
 10
-22.315007716049386
 20
186.68595679012347
 10
-22.305351041666665
 20
186.33935416666665
 10
-22.296328395061728
 20
185.99165432098766
 10
-22.287895563271604
 20
185.642824845679
 10
-22.280008333333335
 20
185.29283333333333
 10
-22.27262249228395
 20
184.9416473765432
 10
-22.265693827160494
 20
184.58923456790126
 10
-22.259178125
 20
184.2355625
 10
-22.253031172839503
 20
183.88059876543207
 10
-22.247208757716045
 20
183.52431095679012
 10
-22.241666666666664
 20
183.16666666666666
 10
-22.236366936728388
 20
182.80761496913576
 10
-22.231296604938265
 20
182.44703086419753
 10
-22.22644895833333
 20
182.0847708333333
 10
-22.221817283950617
 20
181.72069135802468
 10
-22.217394868827157
 20
181.3546489197531
 10
-22.213175000000003
 20
180.9865
 10
-22.20915096450617
 20
180.61610108024686
 10
-22.205316049382716
 20
180.24330864197532
 10
-22.20166354166666
 20
179.86797916666663
 10
-22.19818672839506
 20
179.48996913580248
 10
-22.194878896604934
 20
179.10913503086417
 10
-22.19173333333334
 20
178.72533333333337
 10
-22.188743325617285
 20
178.33842052469137
 10
-22.185902160493825
 20
177.94825308641973
 10
-22.183203125
 20
177.5546875
 10
-22.18063950617285
 20
177.15758024691362
 10
-22.178204591049383
 20
176.75678780864195
 10
-22.17589166666666
 20
176.35216666666665
 10
-22.173694020061728
 20
175.94357330246913
 10
-22.17160493827161
 20
175.5308641975309
 10
-22.169617708333334
 20
175.11389583333332
 10
-22.167725617283946
 20
174.692524691358
 10
-22.1659219521605
 20
174.26660725308648
 10
-22.1642
 20
173.836
 10
-22.162553047839502
 20
173.4005594135802
 10
-22.160974382716052
 20
172.96014197530863
 10
-22.159457291666676
 20
172.51460416666671
 10
-22.157995061728396
 20
172.0638024691358
 10
-22.156580979938266
 20
171.6075933641975
 10
-22.15520833333333
 20
171.14583333333331
 10
-22.153870408950613
 20
170.67837885802467
 10
-22.15256049382716
 20
170.2050864197531
 10
-22.151271875
 20
169.72581250000002
 10
-22.149997839506174
 20
169.24041358024692
 10
-22.148731674382717
 20
168.74874614197532
 10
-22.14746666666667
 20
168.2506666666667
 10
-22.146196103395063
 20
167.7460316358025
 10
-22.14491327160494
 20
167.2346975308642
 10
-22.143611458333332
 20
166.71652083333333
 10
-22.142283950617283
 20
166.19135802469134
 10
-22.140924035493825
 20
165.65906558641973
 10
-22.139525
 20
165.1195
 10
-22.13808013117284
 20
164.57251774691358
 10
-22.136582716049382
 20
164.01797530864195
 10
-22.135026041666666
 20
163.45572916666669
 10
-22.133403395061727
 20
162.88563580246915
 10
-22.131708063271603
 20
162.30755169753087
 10
-22.129933333333334
 20
161.72133333333335
 10
-22.128072492283952
 20
161.12683719135805
 10
-22.126118827160496
 20
160.52391975308643
 10
-22.124065625
 20
159.91243749999998
 10
-22.121906172839505
 20
159.29224691358024
 10
-22.11963375771605
 20
158.66320447530865
 10
-22.117241666666665
 20
158.02516666666668
 10
-22.114723186728394
 20
157.3779899691358
 10
-22.112071604938272
 20
156.72153086419755
 10
-22.10928020833333
 20
156.05564583333333
 10
-22.106342283950617
 20
155.3801913580247
 10
-22.10325111882716
 20
154.69502391975308
 10
-22.099999999999998
 20
154.0
 10
-22.0965836419753
 20
153.29502777777773
 10
-22.0930024691358
 20
152.5802222222222
 10
-22.08925833333333
 20
151.85574999999997
 10
-22.08535308641975
 20
151.1217777777778
 10
-22.08128858024691
 20
150.3784722222222
 10
-22.077066666666667
 20
149.62600000000003
 10
-22.07268919753086
 20
148.86452777777774
 10
-22.068158024691357
 20
148.09422222222221
 10
-22.063474999999997
 20
147.31524999999996
 10
-22.058641975308646
 20
146.5277777777778
 10
-22.053660802469132
 20
145.7319722222222
 10
-22.048533333333335
 20
144.92800000000005
 10
-22.043261419753083
 20
144.1160277777778
 10
-22.037846913580243
 20
143.29622222222218
 10
-22.032291666666666
 20
142.46875
 10
-22.0265975308642
 20
141.63377777777782
 10
-22.02076635802469
 20
140.79147222222224
 10
-22.014799999999997
 20
139.94199999999998
 10
-22.008700308641973
 20
139.08552777777777
 10
-22.002469135802468
 20
138.22222222222223
 10
-21.996108333333332
 20
137.35225
 10
-21.989619753086412
 20
136.47577777777775
 10
-21.983005246913585
 20
135.59297222222224
 10
-21.976266666666664
 20
134.704
 10
-21.969405864197526
 20
133.80902777777774
 10
-21.962424691358024
 20
132.9082222222222
 10
-21.955325000000006
 20
132.00175000000004
 10
-21.94810864197531
 20
131.08977777777778
 10
-21.940777469135792
 20
130.17247222222218
 10
-21.93333333333333
 20
129.25
 10
-21.92577808641975
 20
128.32252777777776
 10
-21.918113580246914
 20
127.3902222222222
 10
-21.910341666666667
 20
126.45325000000001
 10
-21.90246419753086
 20
125.51177777777777
 10
-21.89448302469136
 20
124.56597222222223
 10
-21.886400000000002
 20
123.61600000000001
 10
-21.878216975308643
 20
122.66202777777778
 10
-21.869935802469136
 20
121.70422222222221
 10
-21.86155833333333
 20
120.74275
 10
-21.853086419753083
 20
119.77777777777777
 10
-21.844521913580245
 20
118.80947222222221
 10
-21.835866666666664
 20
117.838
 10
-21.827122530864195
 20
116.86352777777779
 10
-21.818291358024688
 20
115.88622222222222
 10
-21.809374999999996
 20
114.90625
 10
-21.800375308641975
 20
113.92377777777777
 10
-21.791294135802467
 20
112.93897222222222
 10
-21.782133333333334
 20
111.952
 10
-21.77289475308642
 20
110.9630277777778
 10
-21.763580246913584
 20
109.97222222222223
 10
-21.754191666666664
 20
108.97975
 10
-21.744730864197532
 20
107.98577777777777
 10
-21.735199691358023
 20
106.99047222222222
 10
-21.7256
 20
105.994
 10
-21.715933641975308
 20
104.99652777777777
 10
-21.706202469135803
 20
103.99822222222224
 10
-21.696408333333334
 20
102.99924999999999
 10
-21.686553086419753
 20
101.99977777777777
 10
-21.676638580246916
 20
100.99997222222223
 10
-21.666666666666668
 20
100.0
 10
-21.65663919753086
 20
99.00001774691356
 10
-21.64655802469136
 20
98.00014197530864
 10
-21.636424999999996
 20
97.00047916666664
 10
-21.62624197530865
 20
96.00113580246916
 10
-21.616010802469138
 20
95.00221836419752
 10
-21.605733333333337
 20
94.00383333333335
 10
-21.59541141975308
 20
93.00608719135802
 10
-21.58504691358025
 20
92.00908641975309
 10
-21.57464166666667
 20
91.01293749999998
 10
-21.564197530864202
 20
90.01774691358025
 10
-21.553716358024694
 20
89.02362114197531
 10
-21.54320000000001
 20
88.03066666666669
 10
-21.532650308641976
 20
87.0389899691358
 10
-21.52206913580247
 20
86.04869753086419
 10
-21.51145833333333
 20
85.05989583333333
 10
-21.500819753086432
 20
84.07269135802471
 10
-21.490155246913584
 20
83.08719058641977
 10
-21.479466666666667
 20
82.10349999999998
 10
-21.46875586419753
 20
81.12172608024692
 10
-21.458024691358027
 20
80.14197530864197
 10
-21.447275000000005
 20
79.16435416666667
 10
-21.436508641975305
 20
78.18896913580244
 10
-21.425727469135808
 20
77.21592669753088
 10
-21.414933333333337
 20
76.24533333333333
 10
-21.404128086419753
 20
75.27729552469134
 10
-21.393313580246915
 20
74.31191975308641
 10
-21.382491666666674
 20
73.34931250000002
 10
-21.371664197530865
 20
72.38958024691358
 10
-21.360833024691352
 20
71.43282947530862
 10
-21.35
 20
70.47916666666667
 10
-21.339166975308643
 20
69.52869830246914
 10
-21.328335802469137
 20
68.58153086419753
 10
-21.31750833333334
 20
67.63777083333333
 10
-21.30668641975309
 20
66.69752469135801
 10
-21.29587191358025
 20
65.76089891975309
 10
-21.28506666666667
 20
64.828
 10
-21.2742725308642
 20
63.89893441358025
 10
-21.26349135802469
 20
62.97380864197532
 10
-21.252724999999998
 20
62.052729166666666
 10
-21.241975308641976
 20
61.135802469135804
 10
-21.23124413580247
 20
60.2231350308642
 10
-21.220533333333336
 20
59.31483333333333
 10
-21.20984475308642
 20
58.4110038580247
 10
-21.199180246913578
 20
57.51175308641975
 10
-21.18854166666667
 20
56.6171875
 10
-21.17793086419753
 20
55.72741358024691
 10
-21.167349691358027
 20
54.84253780864198
 10
-21.156800000000004
 20
53.96266666666667
 10
-21.14628364197531
 20
53.08790663580247
 10
-21.135802469135804
 20
52.21836419753087
 10
-21.125358333333335
 20
51.354145833333334
 10
-21.114953086419757
 20
50.495358024691356
 10
-21.104588580246915
 20
49.64210725308642
 10
-21.09426666666667
 20
48.7945
 10
-21.08398919753087
 20
47.95264274691358
 10
-21.07375802469136
 20
47.11664197530864
 10
-21.063575
 20
46.28660416666667
 10
-21.05344197530864
 20
45.46263580246913
 10
-21.043360802469138
 20
44.64484336419754
 10
-21.033333333333335
 20
43.833333333333336
 10
-21.023354783950616
 20
43.028202932098765
 10
-21.013393827160492
 20
42.22951234567901
 10
-21.0034125
 20
41.437312500000004
 10
-20.99337283950618
 20
40.65165432098766
 10
-20.983236882716053
 20
39.872588734567906
 10
-20.972966666666668
 20
39.10016666666668
 10
-20.962524228395065
 20
38.334439043209876
 10
-20.951871604938276
 20
37.57545679012347
 10
-20.94097083333333
 20
36.82327083333333
 10
-20.92978395061729
 20
36.077932098765444
 10
-20.918272993827156
 20
35.33949151234568
 10
-20.90640000000001
 20
34.60800000000001
 10
-20.89412700617284
 20
33.883508487654325
 10
-20.881416049382715
 20
33.16606790123457
 10
-20.86822916666667
 20
32.455729166666664
 10
-20.854528395061735
 20
31.752543209876556
 10
-20.840275771604936
 20
31.056560956790126
 10
-20.825433333333326
 20
30.367833333333323
 10
-20.809963117283953
 20
29.6864112654321
 10
-20.79382716049383
 20
29.012345679012352
 10
-20.776987499999997
 20
28.3456875
 10
-20.759406172839505
 20
27.68648765432098
 10
-20.741045216049386
 20
27.034797067901245
 10
-20.721866666666667
 20
26.390666666666668
 10
-20.701832561728395
 20
25.754147376543205
 10
-20.680904938271603
 20
25.12529012345679
 10
-20.659045833333337
 20
24.504145833333343
 10
-20.636217283950618
 20
23.890765432098767
 10
-20.612381327160488
 20
23.285199845679006
 10
-20.5875
 20
22.6875
 10
-20.56153533950617
 20
22.097716820987653
 10
-20.534449382716048
 20
21.515901234567902
 10
-20.50620416666667
 20
20.94210416666667
 10
-20.47676172839506
 20
20.37637654320988
 10
-20.446084104938276
 20
19.818769290123456
 10
-20.414133333333336
 20
19.269333333333336
 10
-20.38087145061729
 20
18.72811959876543
 10
-20.346260493827163
 20
18.19517901234568
 10
-20.3102625
 20
17.670562499999996
 10
-20.272839506172836
 20
17.154320987654323
 10
-20.233953549382715
 20
16.646505401234567
 10
-20.19356666666667
 20
16.147166666666667
 10
-20.15164089506173
 20
15.656355709876545
 10
-20.108138271604936
 20
15.174123456790124
 10
-20.063020833333333
 20
14.700520833333332
 10
-20.01625061728395
 20
14.235598765432098
 10
-19.96778966049383
 20
13.779408179012346
 10
-19.917600000000004
 20
13.332
 10
-19.86564367283951
 20
12.893425154320989
 10
-19.811882716049386
 20
12.463734567901234
 10
-19.756279166666666
 20
12.042979166666665
 10
-19.698795061728397
 20
11.63120987654321
 10
-19.639392438271607
 20
11.22847762345679
 10
-19.578033333333334
 20
10.834833333333332
 10
-19.51467978395062
 20
10.450327932098766
 10
-19.449293827160496
 20
10.075012345679013
 10
-19.381837500000003
 20
9.708937500000001
 10
-19.31227283950617
 20
9.352154320987653
 10
-19.24056188271605
 20
9.004713734567902
 10
-19.166666666666668
 20
8.666666666666666
 10
-19.090559027777775
 20
8.338031635802468
 10
-19.012249999999998
 20
8.018697530864197
 10
-18.931760416666666
 20
7.708520833333332
 10
-18.849111111111114
 20
7.407358024691359
 10
-18.764322916666664
 20
7.115065586419751
 10
-18.67741666666667
 20
6.8315
 10
-18.588413194444442
 20
6.556517746913579
 10
-18.497333333333337
 20
6.289975308641976
 10
-18.404197916666664
 20
6.031729166666666
 10
-18.30902777777778
 20
5.781635802469137
 10
-18.21184375
 20
5.539551697530864
 10
-18.112666666666673
 20
5.3053333333333335
 10
-18.011517361111114
 20
5.078837191358025
 10
-17.908416666666664
 20
4.859919753086418
 10
-17.803385416666668
 20
4.6484375
 10
-17.69644444444445
 20
4.444246913580248
 10
-17.587614583333334
 20
4.247204475308642
 10
-17.476916666666664
 20
4.057166666666665
 10
-17.364371527777777
 20
3.8739899691358026
 10
-17.250000000000004
 20
3.6975308641975317
 10
-17.13382291666667
 20
3.527645833333333
 10
-17.01586111111111
 20
3.3641913580246907
 10
-16.89613541666667
 20
3.207023919753087
 10
-16.774666666666672
 20
3.056
 10
-16.65147569444444
 20
2.9109760802469125
 10
-16.526583333333335
 20
2.771808641975308
 10
-16.400010416666674
 20
2.6383541666666672
 10
-16.27177777777778
 20
2.510469135802469
 10
-16.141906249999998
 20
2.388010030864197
 10
-16.010416666666668
 20
2.270833333333333
 10
-15.87732986111111
 20
2.1587955246913575
 10
-15.742666666666668
 20
2.0517530864197533
 10
-15.606447916666667
 20
1.9495624999999996
 10
-15.468694444444445
 20
1.8520802469135806
 10
-15.329427083333334
 20
1.759162808641975
 10
-15.188666666666668
 20
1.670666666666667
 10
-15.046434027777778
 20
1.5864483024691358
 10
-14.902750000000001
 20
1.5063641975308641
 10
-14.757635416666666
 20
1.4302708333333332
 10
-14.61111111111111
 20
1.3580246913580247
 10
-14.463197916666667
 20
1.2894822530864194
 10
-14.313916666666668
 20
1.2245000000000001
 10
-14.163288194444442
 20
1.1629344135802469
 10
-14.011333333333333
 20
1.104641975308642
 10
-13.858072916666666
 20
1.0494791666666665
 10
-13.703527777777776
 20
0.9973024691358022
 10
-13.54771875
 20
0.9479683641975309
 10
-13.390666666666668
 20
0.9013333333333333
 10
-13.232392361111113
 20
0.8572538580246915
 10
-13.072916666666668
 20
0.8155864197530864
 10
-12.912260416666665
 20
0.7761875
 10
-12.750444444444444
 20
0.7389135802469136
 10
-12.587489583333333
 20
0.7036211419753087
 10
-12.423416666666668
 20
0.6701666666666666
 10
-12.258246527777779
 20
0.6384066358024691
 10
-12.092
 20
0.6081975308641976
 10
-11.924697916666666
 20
0.5793958333333334
 10
-11.75636111111111
 20
0.551858024691358
 10
-11.587010416666667
 20
0.5254405864197531
 10
-11.416666666666666
 20
0.5
 10
-11.245349922839504
 20
0.47541435185185177
 10
-11.073077160493826
 20
0.45164814814814813
 10
-10.899864583333331
 20
0.42868749999999994
 10
-10.72572839506173
 20
0.40651851851851856
 10
-10.550684799382715
 20
0.38512731481481477
 10
-10.374750000000002
 20
0.36450000000000005
 10
-10.197940200617282
 20
0.34462268518518513
 10
-10.020271604938273
 20
0.32548148148148154
 10
-9.841760416666665
 20
0.30706249999999996
 10
-9.662422839506174
 20
0.2893518518518519
 10
-9.482275077160494
 20
0.27233564814814815
 10
-9.301333333333336
 20
0.25600000000000006
 10
-9.119613811728396
 20
0.2403310185185185
 10
-8.937132716049382
 20
0.22531481481481477
 10
-8.75390625
 20
0.2109375
 10
-8.569950617283952
 20
0.19718518518518524
 10
-8.385282021604938
 20
0.1840439814814815
 10
-8.199916666666665
 20
0.17149999999999996
 10
-8.013870756172839
 20
0.15953935185185186
 10
-7.8271604938271615
 20
0.1481481481481482
 10
-7.6398020833333335
 20
0.1373125
 10
-7.45181172839506
 20
0.1270185185185185
 10
-7.263205632716051
 20
0.11725231481481484
 10
-7.074000000000001
 20
0.10799999999999998
 10
-6.884211033950615
 20
0.09924768518518515
 10
-6.693854938271604
 20
0.09098148148148147
 10
-6.502947916666668
 20
0.08318750000000003
 10
-6.311506172839506
 20
0.07585185185185185
 10
-6.119545910493825
 20
0.06896064814814812
 10
-5.927083333333333
 20
0.0625
 10
-5.734134645061728
 20
0.0564560185185185
 10
-5.540716049382716
 20
0.05081481481481482
 10
-5.34684375
 20
0.045562499999999985
 10
-5.1525339506172845
 20
0.04068518518518519
 10
-4.957802854938271
 20
0.03616898148148147
 10
-4.762666666666668
 20
0.03200000000000001
 10
-4.567141589506173
 20
0.028164351851851847
 10
-4.3712438271604945
 20
0.024648148148148155
 10
-4.174989583333333
 20
0.021437499999999995
 10
-3.978395061728395
 20
0.018518518518518524
 10
-3.7814764660493823
 20
0.015877314814814813
 10
-3.5842500000000004
 20
0.013500000000000007
 10
-3.38673186728395
 20
0.011372685185185184
 10
-3.188938271604939
 20
0.009481481481481487
 10
-2.990885416666667
 20
0.0078125
 10
-2.7925895061728387
 20
0.006351851851851847
 10
-2.5940667438271605
 20
0.005085648148148149
 10
-2.395333333333333
 20
0.0039999999999999975
 10
-2.1964054783950617
 20
0.0030810185185185194
 10
-1.997299382716049
 20
0.0023148148148148134
 10
-1.7980312500000002
 20
0.0016875000000000008
 10
-1.598617283950617
 20
0.0011851851851851843
 10
-1.3990736882716053
 20
0.0007939814814814821
 10
-1.1994166666666664
 20
0.0004999999999999997
 10
-0.9996624228395066
 20
0.0002893518518518522
 10
-0.799827160493827
 20
0.00014814814814814804
 10
-0.5999270833333339
 20
6.250000000000016e-05
 10
-0.39997839506172833
 20
1.8518518518518505e-05
 10
-0.19999729938271668
 20
2.3148148148148364e-06
 10
0.0
 20
0.0
 10
0.19999729938271604
 20
2.3148148148148148e-06
 10
0.3999783950617284
 20
1.8518518518518518e-05
 10
0.5999270833333333
 20
6.250000000000001e-05
 10
0.7998271604938271
 20
0.00014814814814814815
 10
0.9996624228395061
 20
0.0002893518518518518
 10
1.1994166666666668
 20
0.0005000000000000001
 10
1.3990736882716048
 20
0.0007939814814814816
 10
1.5986172839506174
 20
0.0011851851851851852
 10
1.7980312499999995
 20
0.0016874999999999998
 10
1.9972993827160495
 20
0.0023148148148148143
 10
2.1964054783950617
 20
0.0030810185185185177
 10
2.395333333333334
 20
0.004000000000000001
 10
2.594066743827161
 20
0.005085648148148149
 10
2.79258950617284
 20
0.0063518518518518524
 10
2.9908854166666665
 20
0.0078125
 10
3.188938271604939
 20
0.009481481481481481
 10
3.38673186728395
 20
0.011372685185185184
 10
3.5842499999999995
 20
0.013499999999999998
 10
3.7814764660493823
 20
0.015877314814814813
 10
3.9783950617283947
 20
0.018518518518518514
 10
4.174989583333334
 20
0.021437499999999995
 10
4.371243827160493
 20
0.02464814814814814
 10
4.567141589506174
 20
0.028164351851851857
 10
4.762666666666667
 20
0.03200000000000001
 10
4.957802854938271
 20
0.03616898148148149
 10
5.1525339506172845
 20
0.04068518518518519
 10
5.346843750000001
 20
0.045562500000000006
 10
5.540716049382716
 20
0.05081481481481482
 10
5.734134645061728
 20
0.056456018518518516
 10
5.927083333333333
 20
0.0625
 10
6.1195459104938275
 20
0.06896064814814817
 10
6.311506172839506
 20
0.07585185185185185
 10
6.502947916666668
 20
0.08318750000000003
 10
6.693854938271604
 20
0.09098148148148147
 10
6.884211033950619
 20
0.0992476851851852
 10
7.074
 20
0.10799999999999998
 10
7.26320563271605
 20
0.11725231481481484
 10
7.451811728395061
 20
0.1270185185185185
 10
7.6398020833333335
 20
0.1373125
 10
7.82716049382716
 20
0.1481481481481481
 10
8.013870756172839
 20
0.15953935185185186
 10
8.199916666666665
 20
0.17149999999999996
 10
8.385282021604938
 20
0.1840439814814815
 10
8.56995061728395
 20
0.19718518518518513
 10
8.75390625
 20
0.2109375
 10
8.937132716049383
 20
0.22531481481481486
 10
9.119613811728396
 20
0.2403310185185185
 10
9.301333333333334
 20
0.25600000000000006
 10
9.482275077160494
 20
0.27233564814814815
 10
9.662422839506174
 20
0.2893518518518519
 10
9.841760416666666
 20
0.30706249999999996
 10
10.020271604938273
 20
0.32548148148148154
 10
10.197940200617284
 20
0.34462268518518513
 10
10.37475
 20
0.36450000000000005
 10
10.550684799382715
 20
0.38512731481481477
 10
10.72572839506173
 20
0.40651851851851856
 10
10.899864583333333
 20
0.42868749999999994
 10
11.073077160493826
 20
0.45164814814814813
 10
11.245349922839505
 20
0.47541435185185177
  0
LWPOLYLINE
  5
90
330
17
100
AcDbEntity
  8
BRIDGE_CUTOUTS
100
AcDbPolyline
 90
778
 70
1
 10
59.642953572962604
 20
239.6778858020873
 10
59.61978430648528
 20
239.68019303497434
 10
59.57527492705434
 20
239.68462535069344
 10
59.52595555382634
 20
239.6895366533448
 10
59.4571252197389
 20
239.69639088891552
 10
59.41437724651098
 20
239.70064780096683
 10
59.36553209801373
 20
239.7055118795555
 10
59.310183295910655
 20
239.7110236024491
 10
59.24792436182755
 20
239.71722344741931
 10
59.17834881744914
 20
239.7241518922314
 10
59.10105018438837
 20
239.7318494146583
 10
59.01562198431736
 20
239.74035649246676
 10
58.92165773887669
 20
239.74971360342676
 10
58.81875096971702
 20
239.75996122530728
 10
58.70649519848926
 20
239.77113983587716
 10
58.584483946837985
 20
239.78328991290613
 10
58.45231073641845
 20
239.79645193416252
 10
58.30956908887321
 20
239.81066637741625
 10
58.15585252585831
 20
239.8259737204356
 10
57.99075456901513
 20
239.84241444099067
 10
57.81386874000138
 20
239.86002901684947
 10
57.62478856045925
 20
239.87885792578194
 10
57.4231075520415
 20
239.89894164555682
 10
57.20841923639511
 20
239.92032065394343
 10
56.98031713517174
 20
239.94303542871063
 10
56.738394770018076
 20
239.96712644762778
 10
56.482245662584724
 20
239.99263418846385
 10
56.211463334520744
 20
240.01959912898795
 10
55.925641307474834
 20
240.0480617469692
 10
55.62437310309514
 20
240.07806252017699
 10
55.30730993871243
 20
240.10963618095124
 10
54.97449295092597
 20
240.14276823912078
 10
54.626634250923225
 20
240.1773359262142
 10
54.264379297425684
 20
240.2132129616285
 10
53.88832983192408
 20
240.25027758698857
 10
53.49910048557913
 20
240.28840687944586
 10
53.09731589650349
 20
240.3274770114416
 10
52.68360862308098
 20
240.3673634459831
 10
52.258617615744775
 20
240.4079410856459
 10
51.82298708681372
 20
240.44908438813053
 10
51.37736567037512
 20
240.49066745733077
 10
50.92240579637871
 20
240.53256411646544
 10
50.45876322765821
 20
240.574647967897
 10
49.987096721029964
 20
240.61679244333234
 10
49.50806778763625
 20
240.65887084695277
 10
49.022340532326496
 20
240.7007563937206
 10
48.53058155942657
 20
240.74232224451256
 10
48.03345993468024
 20
240.7834415396214
 10
47.53164719813047
 20
240.8239874318358
 10
47.0258174227039
 20
240.86383312043841
 10
46.516647317916195
 20
240.90285188723652
 10
46.004816377228124
 20
240.94091713600386
 10
45.49100707146705
 20
240.9779024366595
 10
44.97590509026361
 20
241.01368157585523
 10
44.46019963634817
 20
241.04812861582081
 10
43.944583778445825
 20
241.0811179637516
 10
43.42975487049177
 20
241.1125244545137
 10
42.91641504712938
 20
241.142223450094
 10
42.405271807628424
 20
241.17009096010486
 10
41.89703870358784
 20
241.19600378876623
 10
41.39243614938141
 20
241.21983971527146
 10
40.89219237844192
 20
241.24147771640503
 10
40.39704457476588
 20
241.26079824281797
 10
39.907740215331934
 20
241.27768356382347
 10
39.42503866842474
 20
241.2920182001324
 10
38.94971310426871
 20
241.30368947011823
 10
38.48255278850117
 20
241.3125881835941
 10
38.02436584833393
 20
241.31860952853793
 10
37.57598262516196
 20
241.32165421204934
 10
37.13825975933992
 20
241.32162993886988
 10
36.711969051028184
 20
241.318452476104
 10
36.29726279551865
 20
241.31206179568701
 10
35.89364002854436
 20
241.30248509623723
 10
35.50085177725454
 20
241.28977580392947
 10
35.11875718939138
 20
241.2739912972326
 10
34.747214170570246
 20
241.25519129918536
 10
34.38607902123078
 20
241.2334379329858
 10
34.03520603260076
 20
241.20879575591653
 10
33.69444704035576
 20
241.18133176631616
 10
33.36365093540007
 20
241.15111537770335
 10
33.0426631320191
 20
241.11821835357404
 10
32.73132499486601
 20
241.08271469588385
 10
32.429473227503
 20
241.04468047981226
 10
32.13693922693206
 20
241.0041936271621
 10
31.85354841036698
 20
240.96133361070972
 10
31.579119522594205
 20
240.91618108207203
 10
31.313463934696024
 20
240.86881741627332
 10
31.0563849472662
 20
240.8193241672166
 10
30.807677113944358
 20
240.7677824298186
 10
30.56712560350197
 20
240.7142721066366
 10
30.334505621234175
 20
240.6588710795389
 10
30.109581912264826
 20
240.60165429023294
 10
29.89210837103654
 20
240.54269273738942
 10
29.68182778186314
 20
240.48205240246074
 10
29.478471715326393
 20
240.41979312109197
 10
29.28176060387005
 20
240.35596742196432
 10
29.091404017279686
 20
240.29061935980528
 10
28.907101154634663
 20
240.22378337381184
 10
28.72854156370405
 20
240.15548320649114
 10
28.55540609191871
 20
240.08573092062676
 10
28.387368064802466
 20
240.014526053228
 10
28.224094678993925
 20
239.94185494481997
 10
28.065248587463856
 20
239.86769027977905
 10
27.910489645480027
 20
239.79199086879004
 10
27.75947677739519
 20
239.71470169774983
 10
27.611869917214204
 20
239.6357542588543
 10
27.4673319707968
 20
239.5550671696182
 10
27.325530744766635
 20
239.47254707466757
 10
27.186140787025636
 20
239.38808981394075
 10
27.048845086579764
 20
239.30158183030588
 10
26.913450283260843
 20
239.21297618649294
 10
26.780265282816895
 20
239.12254750561044
 10
26.64973560882729
 20
239.03063880399154
 10
26.521907496004495
 20
238.93732317494212
 10
26.396718138356988
 20
238.84259655637462
 10
26.274105249603096
 20
238.74645198671504
 10
26.15400729613408
 20
238.64887965131481
 10
26.036363728644247
 20
238.54986695025872
 10
25.921115210023444
 20
238.4493985873505
 10
25.80820383708696
 20
238.3474566797336
 10
25.69757335376963
 20
238.24402088730298
 10
25.589169353545227
 20
238.13906856080627
 10
25.48293946887331
 20
238.0325749071731
 10
25.378833545785017
 20
237.92451317048042
 10
25.276803801788688
 20
237.81485482660094
 10
25.176804965654355
 20
237.70356978953052
 10
25.078794397798795
 20
237.5906266271286
 10
24.98273219034996
 20
237.47599278397422
 10
24.88858124624355
 20
237.3596348089512
 10
24.79630733701059
 20
237.24151858515603
 10
24.705879139214048
 20
237.12160955974846
 10
24.617268249817627
 20
236.9998729714688
 10
24.530449180989237
 20
236.8762740735816
 10
24.44539933516493
 20
236.75077835023185
 10
24.362098961378116
 20
236.62335172430355
 10
24.28053109409229
 20
236.4939607551096
 10
24.200681475925737
 20
236.3625728244308
 10
24.122538465810752
 20
236.22915630967722
 10
24.046092934210193
 20
236.09368074315051
 10
23.9713381470984
 20
235.95611695664854
 10
23.89826964043525
 20
235.8164372108708
 10
23.82688508687565
 20
235.67461530932582
 10
23.75718415641897
 20
235.5306266966364
 10
23.68916837265627
 20
235.38444854134337
 10
23.6228409662089
 20
235.23605980351005
 10
23.558206726841906
 20
235.08544128755233
 10
23.49527185564213
 20
234.9325756808867
 10
23.434043818528135
 20
234.77744757909724
 10
23.37453120223616
 20
234.62004349842593
 10
23.316743573785587
 20
234.46035187644085
 10
23.26064604007686
 20
234.29823213431504
 10
23.206040333173124
 20
234.13307171341552
 10
23.152756710226605
 20
233.96442923567002
 10
23.100811009566996
 20
233.79245301099908
 10
23.05025311775484
 20
233.61742407773156
 10
23.001123281246244
 20
233.43962075915175
 10
22.953453006902357
 20
233.25931841976026
 10
22.907265885981737
 20
233.07678929900604
 10
22.862578345280152
 20
232.89230240593034
 10
22.819400329765934
 20
232.70612346085085
 10
22.77773592143943
 20
232.5185148725823
 10
22.737583899253668
 20
232.32973574154
 10
22.698938244898255
 20
232.1400418806902
 10
22.661788599080225
 20
231.9496858475483
 10
22.626120672699848
 20
231.75891698143218
 10
22.591916617033142
 20
231.56798144093682
 10
22.55915535672383
 20
231.37712223714928
 10
22.52781288906299
 20
231.18657925846995
 10
22.497862552710142
 20
230.99658928306948
 10
22.469275268690453
 20
230.80738597500815
 10
22.4420197561804
 20
230.61919985979478
 10
22.416062725290065
 20
230.43225827478037
 10
22.391369048735438
 20
230.2467852890835
 10
22.367901913982678
 20
230.0630015867951
 10
22.345622957122007
 20
229.8811243059024
 10
22.324492379380253
 20
229.7013668236088
 10
22.30446904678617
 20
229.52393847633542
 10
22.28551057305065
 20
229.34904419959022
 10
22.267573385160315
 20
229.17688406865796
 10
22.250612770474067
 20
229.0076527154623
 10
22.234582903170107
 20
228.84153858932245
 10
22.219436846612084
 20
228.6787230189695
 10
22.205126526408133
 20
228.51937901885825
 10
22.191602666375115
 20
228.36366976293715
 10
22.178814675861453
 20
228.2117466208659
 10
22.166710471289424
 20
228.06374661153524
 10
22.15523620625228
 20
227.91978907027655
 10
22.14433587129504
 20
227.77997124014138
 10
22.13395070355719
 20
227.644362368184
 10
22.12401831253001
 20
227.51299568968375
 10
22.114484725393897
 20
227.386035204923
 10
22.105354833956724
 20
227.26430331909398
 10
22.096669287081696
 20
227.14849602742706
 10
22.088429052706722
 20
227.0386262357607
 10
22.080622412081713
 20
226.93453769409388
 10
22.073237646456718
 20
226.83607415242727
 10
22.066263037081697
 20
226.74307936076036
 10
22.05968686520671
 20
226.65539706909388
 10
22.05349741208172
 20
226.57287102742734
 10
22.04768295895672
 20
226.49534498576065
 10
22.042231787081704
 20
226.4226626940938
 10
22.037132177706727
 20
226.35466790242737
 10
22.032372412081703
 20
226.29120436076042
 10
22.02794077145673
 20
226.2321158190941
 10
22.02382553708172
 20
226.1772460274273
 10
22.020014990206704
 20
226.12643873576042
 10
22.01649741208171
 20
226.07953769409383
 10
22.013261083956728
 20
226.0363866524274
 10
22.01029428708172
 20
225.99682936076061
 10
22.007585302706723
 20
225.96070956909398
 10
22.0008880370817
 20
225.87141269409375
 10
21.99909311520673
 20
225.84748040242744
 10
21.997497412081724
 20
225.82620436076067
 10
21.99378842770674
 20
225.77675123576088
 10
21.99209702145675
 20
225.75419915242767
 10
21.989741552706697
 20
225.72279290242702
 10
21.989513037081647
 20
225.7197460274263
 10
21.97831876891849
 20
225.5973349315745
 10
21.96314774863426
 20
225.47556335290872
 10
21.944000596736583
 20
225.3543533541404
 10
21.920897816475296
 20
225.2338347299721
 10
21.89386414688616
 20
225.11413653476532
 10
21.862928536299698
 20
224.99538694434557
 10
21.82812411134257
 20
224.87771311874863
 10
21.789488141464783
 20
224.76124106605434
 10
21.747061999030606
 20
224.64609550745405
 10
21.700891115016013
 20
224.532399743696
 10
21.651024930360066
 20
224.42027552305177
 10
21.5975168430223
 20
224.30984291094526
 10
21.540424150802878
 20
224.2012201613835
 10
21.479807989986632
 20
224.09452359032747
 10
21.415733269876846
 20
223.98986745113788
 10
21.348268603288698
 20
223.88736381222998
 10
21.277486233076985
 20
223.78712243706767
 10
21.203461954776632
 20
223.6892506666263
 10
21.12627503543895
 20
223.59385330444906
 10
21.046008128750486
 20
223.50103250442083
 10
20.962747186525387
 20
223.41088766137918
 10
20.87658136666605
 20
223.32351530467992
 10
20.787602937690597
 20
223.239008994831
 10
20.695907179929442
 20
223.15745922330575
 10
20.60159228349673
 20
223.07895331564202
 10
20.504759243145877
 20
223.00357533793218
 10
20.40551175012191
 20
222.93140600680272
 10
20.303956081126227
 20
222.86252260298107
 10
20.200200984512882
 20
222.7969988885414
 10
20.094357563838116
 20
222.7349050279183
 10
19.986539158887872
 20
222.67630751277304
 10
19.876861224310726
 20
222.62126909079248
 10
19.76544120598616
 20
222.5698486984975
 10
19.65239841526056
 20
222.5221013981321
 10
19.537853901185652
 20
222.47807831870145
 10
19.421930320896127
 20
222.43782660122162
 10
19.304751808265337
 20
222.40138934823995
 10
19.1864438409796
 20
222.36880557767952
 10
19.067133106173586
 20
222.34011018105804
 10
18.946947364770526
 20
222.3153338861249
 10
18.82601531467264
 20
222.29450322395735
 10
18.704466452948196
 20
222.27764050055012
 10
18.58243093716279
 20
222.26476377292988
 10
18.460039446003385
 20
222.25588682981902
 10
18.337423039344284
 20
222.2510191768706
 10
18.214713017904945
 20
222.25016602648935
 10
18.092040782649875
 20
222.25332829225002
 10
17.96953769408119
 20
222.26050258791923
 10
17.847334931574498
 20
222.27168123108152
 10
17.725563352908736
 20
222.28685225136573
 10
17.604353354140386
 20
222.30599940326343
 10
17.483834729972106
 20
222.3291021835247
 10
17.364136534765322
 20
222.35613585311384
 10
17.24538694434557
 20
222.3870714637003
 10
17.127713118748623
 20
222.42187588865744
 10
17.011241066054346
 20
222.46051185853523
 10
16.896095507454064
 20
222.5029380009694
 10
16.782399743696008
 20
222.54910888498398
 10
16.67027552305178
 20
222.59897506963995
 10
16.559842910945257
 20
222.6524831569777
 10
16.45122016138351
 20
222.70957584919714
 10
16.344523590327473
 20
222.77019201001337
 10
16.239867451137894
 20
222.83426673012315
 10
16.137363812229967
 20
222.9017313967113
 10
16.03712243706767
 20
222.97251376692302
 10
15.939250666626302
 20
223.04653804522337
 10
15.843853304449068
 20
223.12372496456106
 10
15.751032504420834
 20
223.2039918712495
 10
15.660887661379174
 20
223.28725281347462
 10
15.573515304679905
 20
223.37341863333396
 10
15.489008994831014
 20
223.4623970623094
 10
15.407459223305743
 20
223.55409282007057
 10
15.328953315642037
 20
223.64840771650327
 10
15.253575337932183
 20
223.74524075685412
 10
15.181406006802728
 20
223.84448824987808
 10
15.112522602981084
 20
223.94604391887378
 10
15.046998888541406
 20
224.0497990154871
 10
14.98490502791831
 20
224.15564243616188
 10
14.926307512773029
 20
224.26346084111213
 10
14.871269090792492
 20
224.37313877568928
 10
14.819848698497513
 20
224.48455879401385
 10
14.772101398132104
 20
224.59760158473944
 10
14.728078318701437
 20
224.71214609881434
 10
14.687826601221623
 20
224.82806967910386
 10
14.651389348239935
 20
224.94524819173466
 10
14.618805577679518
 20
225.0635561590204
 10
14.590110181058026
 20
225.1828668938264
 10
14.565333886124902
 20
225.30305263522948
 10
14.544503223957335
 20
225.42398468532735
 10
14.527640500550131
 20
225.5455335470518
 10
14.514763772929875
 20
225.6675690628372
 10
14.50588682981903
 20
225.78996055399662
 10
14.501019176870624
 20
225.9125769606557
 10
14.500166026489357
 20
226.03528698209504
 10
14.503328292250021
 20
226.15795921735014
 10
14.51050258791924
 20
226.2804623059188
 10
14.511172509793267
 20
226.28939459757254
 10
14.511926416043266
 20
226.29944668090587
 10
14.513877587918271
 20
226.32546230590594
 10
14.517094384793307
 20
226.36835293090638
 10
14.518502587918313
 20
226.3871289725731
 10
14.521893212918275
 20
226.43233730590597
 10
14.523899072293297
 20
226.45908209757292
 10
14.526127587918301
 20
226.4887956392396
 10
14.531299462918296
 20
226.55775397257287
 10
14.534266259793291
 20
226.59731126423947
 10
14.53750258791827
 20
226.64046230590588
 10
14.541020166043293
 20
226.68736334757284
 10
14.544830712918298
 20
226.73817063923957
 10
14.548945947293287
 20
226.7930404309061
 10
14.55337758791827
 20
226.8521289725726
 10
14.558137353543312
 20
226.91559251423976
 10
14.56323696291828
 20
226.983587305906
 10
14.568688134793295
 20
227.05626959757288
 10
14.574502587918287
 20
227.13379563923945
 10
14.580692041043278
 20
227.21632168090602
 10
14.587268212918284
 20
227.30400397257276
 10
14.594242822293301
 20
227.3969987642396
 10
14.601627587918284
 20
227.49546230590607
 10
14.609434228543291
 20
227.59955084757283
 10
14.617674462918274
 20
227.7094206392393
 10
14.626360009793304
 20
227.82522793090624
 10
14.635502587918278
 20
227.94712897257264
 10
14.645146466177609
 20
228.07555842889155
 10
14.655433288622318
 20
228.21161942533018
 10
14.666428774943277
 20
228.35522080915163
 10
14.666824871424916
 20
228.3603468557007
 10
14.67817773600825
 20
228.50596925153408
 10
14.678688805963656
 20
228.5124521647784
 10
14.690729170546991
 20
228.6635120606117
 10
14.69135265415575
 20
228.67123365565627
 10
14.70413520623908
 20
228.8275279264896
 10
14.704870960519434
 20
228.8363946256249
 10
14.718450387602774
 20
228.99772014645825
 10
14.719300204035648
 20
229.00765794751743
 10
14.73373119361898
 20
229.17381159335076
 10
14.734698471520629
 20
229.18476228445044
 10
14.75003571110396
 20
229.35554093028378
 10
14.751125239054588
 20
229.36745920984947
 10
14.767423416137923
 20
229.5426597306828
 10
14.768641230202913
 20
229.55551099459385
 10
14.785955032286246
 20
229.7349302654272
 10
14.787308330251431
 20
229.7486888923952
 10
14.805692444834762
 20
229.93212378822847
 10
14.80718954250607
 20
229.9467718019504
 10
14.826698657089402
 20
230.13401919778377
 10
14.828348977244367
 20
230.14954521739494
 10
14.849037779327702
 20
230.34040198822825
 10
14.850851866976614
 20
230.35680040180543
 10
14.872775044059948
 20
230.55106342263878
 10
14.874764603799578
 20
230.56833373512163
 10
14.897976843382915
 20
230.765799880955
 10
14.900154796124006
 20
230.7839461998287
 10
14.924710785707337
 20
230.98441234566204
 10
14.927091343145028
 20
231.0034429765176
 10
14.953045770228362
 20
231.20670599735092
 10
14.955644526233787
 20
231.2266331278873
 10
14.983052078317119
 20
231.43248989872063
 10
14.985886117053717
 20
231.45332935455923
 10
15.014801481637047
 20
231.66157675039256
 10
15.017889502705357
 20
231.6833478096587
 10
15.048367367288693
 20
231.89378270549204
 10
15.051729828622626
 20
231.9165079618167
 10
15.083824880705965
 20
232.12892723265008
 10
15.0874841603102
 20
232.15263249826933
 10
15.12125108739352
 20
232.36683301910253
 10
15.125231665345412
 20
232.39154726124036
 10
15.160725154928754
 20
232.60732590707377
 10
15.165053817386664
 20
232.63308121191758
 10
15.202328556969995
 20
232.8502348577509
 10
15.207034624237796
 20
232.8770664171115
 10
15.246145301321132
 20
233.09539193794487
 10
15.25126088233075
 20
233.12333805424623
 10
15.292262184414087
 20
233.3426323250796
 10
15.29782246029922
 20
233.37173443061977
 10
15.340769074882541
 20
233.59179432645297
 10
15.346812614637095
 20
233.62209701299966
 10
15.391759229220433
 20
233.84271940883306
 10
15.398328340759566
 20
233.8742704635446
 10
15.4453296428429
 20
234.09525223437794
 10
15.452470763106527
 20
234.12810267776663
 10
15.501581440189865
 20
234.3492406986
 10
15.509345568251725
 20
234.38344481983015
 10
15.560620307835055
 20
234.60453596566353
 10
15.569063485276537
 20
234.64015134980164
 10
15.622556974859865
 20
234.86099249563486
 10
15.631740817934794
 20
234.89808003660383
 10
15.687507745018127
 20
235.11846805743716
 10
15.69750003334326
 20
235.15709194931296
 10
15.755595085426595
 20
235.37682372014635
 10
15.766470412037396
 20
235.41705141799974
 10
15.826948276620733
 20
235.6359238138331
 10
15.838788764209928
 20
235.6778259536151
 10
15.901704128793261
 20
235.8956358494484
 10
15.91460021671576
 20
235.9392861143073
 10
15.980007768799089
 20
236.15583038514058
 10
15.994059074911007
 20
236.20130530304104
 10
16.062013501994347
 20
236.4163808238744
 10
16.077329762489047
 20
236.46375947841622
 10
16.147885752072376
 20
236.67716312424957
 10
16.164494773767323
 20
236.72625782922398
 10
16.237699851892323
 20
236.9378177250573
 10
16.25531709385947
 20
236.98759407222178
 10
16.331190140734474
 20
237.19726334305514
 10
16.349751140105393
 20
237.24743393665096
 10
16.42830387448039
 20
237.45519695748428
 10
16.447830357457654
 20
237.5057355722233
 10
16.529074498082654
 20
237.71157671805665
 10
16.549587279265104
 20
237.76245521092653
 10
16.633534544890104
 20
237.96635885675988
 10
16.655053388795668
 20
238.01754716208808
 10
16.74171549817067
 20
238.21949768292137
 10
16.76425897681657
 20
238.2709638187919
 10
16.85364764869157
 20
238.47094558962525
 10
16.877232996178613
 20
238.52265567655542
 10
16.969359949303616
 20
238.72065307238879
 10
16.994002914476297
 20
238.77257136509263
 10
17.088879867601296
 20
238.96856876092593
 10
17.114594565992906
 20
239.02065769392655
 10
17.212233237867906
 20
239.2146394647599
 10
17.23903200426004
 20
239.2668597124987
 10
17.33944411363504
 20
239.45881023333203
 10
17.3673373566673
 20
239.51112078528163
 10
17.470534622292295
 20
239.70102443111497
 10
17.499530682670915
 20
239.75338268227762
 10
17.60552482329592
 20
239.94122382811094
 10
17.635629837219835
 20
239.99358568508697
 10
17.74443257159483
 20
240.17934870592032
 10
17.775650341094277
 20
240.2316687085671
 10
17.887273387969273
 20
240.41533797940042
 10
17.919605259875894
 20
240.46756943786718
 10
18.034060338000895
 20
240.64912933370053
 10
18.067505093298553
 20
240.70122448043648
 10
18.184803921423555
 20
240.8806593762698
 10
18.219357676691832
 20
240.93256953233853
 10
18.339511973566832
 20
241.1098638031719
 10
18.37516809619925
 20
241.16153955800215
 10
18.49818958057425
 20
241.33667757883546
 10
18.53493861934746
 20
241.38806898226534
 10
18.66083900997246
 20
241.5610351280987
 10
18.698668642449704
 20
241.61209189337671
 10
18.827459658074705
 20
241.78287053921005
 10
18.86635465614647
 20
241.83354225535209
 10
18.998048015521476
 20
242.00211777618546
 10
19.03799023022815
 20
242.0523541279198
 10
19.172597652103136
 20
242.21871089875305
 10
19.21356601863718
 20
242.26846189205875
 10
19.35109922176219
 20
242.43258428789215
 10
19.393069785344473
 20
242.48180047903276
 10
19.53354048846947
 20
242.64367287486607
 10
19.57648645146247
 20
242.69230560061516
 10
19.71990637333747
 20
242.8519123714485
 10
19.7637981637502
 20
242.8999139782126
 10
19.910179023125202
 20
243.05723949904598
 10
19.954984384294583
 20
243.10456356845503
 10
20.10433789991957
 20
243.25959221428826
 10
20.150022000880465
 20
243.30619378286084
 10
20.30235989150547
 20
243.45890992869428
 10
20.34888545728313
 20
243.50474569924663
 10
20.504219441658133
 20
243.6551337200799
 10
20.551546902330806
 20
243.70016226254052
 10
20.70988869920581
 20
243.84820653337388
 10
20.75797635644282
 20
243.89238847293163
 10
20.91933768456783
 20
244.03807336876503
 10
20.96814189394435
 20
244.08137155930095
 10
21.132534472069334
 20
244.22468145513417
 10
21.182009839332146
 20
244.26706113619514
 10
21.349445386207144
 20
244.40798040702848
 10
21.39954497544699
 20
244.44940934281274
 10
21.570035209821995
 20
244.5879223636461
 10
21.62071076129962
 20
244.62837096269186
 10
21.79426740192462
 20
244.7644621085252
 10
21.845469557262792
 20
244.80390352314984
 10
22.02210432288779
 20
244.93755716898318
 10
22.073782855211544
 20
244.97596737376753
 10
22.25350746458654
 20
245.10716789460082
 10
22.305611511189674
 20
245.14452574353822
 10
22.48843768306467
 20
245.27325751437158
 10
22.54091597820747
 20
245.30954477661166
 10
22.726855431332474
 20
245.435792172445
 10
22.779877663960164
 20
245.47113826894028
 10
22.968968847851976
 20
245.5948841268121
 10
23.02333988500808
 20
245.6298005204797
 10
23.21572817225075
 20
245.7510215255824
 10
23.271543206697785
 20
245.78551133222996
 10
23.467400700642173
 20
245.90418263179444
 10
23.524519468875653
 20
245.93810325009625
 10
23.72401827287262
 20
246.05419999135339
 10
23.78229128461175
 20
246.0874174370781
 10
23.985603502012154
 20
246.20091476725878
 10
24.04487365521075
 20
246.233305189464
 10
24.252171389365454
 20
246.3441782557991
 10
24.312275750345037
 20
246.37562923058877
 10
24.523731104604902
 20
246.48385318030924
 10
24.584502803136406
 20
246.51426475008043
 10
24.800287880852288
 20
246.6198147304171
 10
24.86155806596373
 20
246.64910016674736
 10
25.081844970486483
 20
246.7519513249311
 10
25.14344477152678
 20
246.78003760431662
 10
25.368405606207272
 20
246.88016508757832
 10
25.43016804516221
 20
246.90699308037014
 10
25.6599749133513
 20
247.00437203594078
 10
25.72173671848125
 20
247.0298964194017
 10
25.956561723529784
 20
247.12450199451203
 10
26.018165000587675
 20
247.14869091027276
 10
26.258180245846535
 20
247.24049825215374
 10
26.31947397105366
 20
247.26333273607585
 10
26.564851559873695
 20
247.35231699195836
 10
26.62569286770234
 20
247.37379021012583
 10
26.87660490343441
 20
247.4599265272408
 10
26.9368601516537
 20
247.4800428554486
 10
27.19347873764866
 20
247.56330638102685
 10
27.253024341278024
 20
247.58208036667514
 10
27.515521580886737
 20
247.6624462479476
 10
27.57424461532642
 20
247.67990149290614
 10
27.84279261189975
 20
247.75734487710363
 10
27.900591193017682
 20
247.7735128781055
 10
28.175362049906482
 20
247.84800891245897
 10
28.23214550517816
 20
247.86292789231842
 10
28.51331132573329
 20
247.93445172405876
 10
28.569000175324803
 20
247.94816548279502
 10
28.85673306289712
 20
248.01669225915313
 10
28.911258832995365
 20
248.02924906935962
 10
29.205730890935747
 20
248.09475393756637
 10
29.25903578360164
 20
248.1062055033892
 10
29.56041911526091
 20
248.1686636106753
 10
29.61245555983226
 20
248.17906410486455
 10
29.920922268561323
 20
248.2384505984612
 10
29.971652379349173
 20
248.24785578735282
 10
30.28737456849886
 20
248.3041458144907
 10
30.336769532269937
 20
248.31261227660323
 10
30.659919305191114
 20
248.36578098451332
 10
30.707958720253245
 20
248.37336542486534
 10
31.038708180296776
 20
248.4233879607785
 10
31.08537936665832
 20
248.4301466200123
 10
31.423900617175043
 20
248.47699813115926
 10
31.469197914828133
 20
248.48298628617925
 10
31.815663059168944
 20
248.52664191979125
 10
31.859587128992512
 20
248.53191347082043
 10
32.21416827050824
 20
248.57234837412807
 10
32.25672540964353
 20
248.57695551179472
 10
32.61959465168505
 20
248.61414483202898
 10
32.66079613296036
 20
248.61813777730515
 10
33.03212557887853
 20
248.65205666169695
 10
33.07198702150194
 20
248.6554834710733
 10
33.4519487746476
 20
248.68610706685334
 10
33.49048955145446
 20
248.6890134950459
 10
33.879255715178495
 20
248.7163169494453
 10
33.91649839998452
 20
248.7187463620806
 10
34.31424107763779
 20
248.74270482233018
 10
34.35021093470427
 20
248.74469815138812
 10
34.757102229637624
 20
248.76528676471872
 10
34.79182674607776
 20
248.76688249998787
 10
35.208038761642065
 20
248.7840764136304
 10
35.2415472225696
 20
248.78531062398037
 10
35.667252062115686
 20
248.79908498516568
 10
35.69957516753955
 20
248.7999913640405
 10
36.134944934418314
 20
248.81032131999956
 10
36.16611445631034
 20
248.81093125015138
 10
36.61132125387263
 20
248.81779194811503
 10
36.641151637192635
 20
248.81813296192686
 10
37.09622943378055
 20
248.82152499634387
 10
37.12397225586457
 20
248.82162915811213
 10
37.58840247978514
 20
248.82165491230285
 10
37.61407369270919
 20
248.82156846670352
 10
38.0871996372607
 20
248.81835577120614
 10
38.11101340939573
 20
248.818118445101
 10
38.59217836787648
 20
248.81179513045382
 10
38.614320333714176
 20
248.81143875641595
 10
39.10286759942243
 20
248.80213265315714
 10
39.12349934806598
 20
248.8016828556925
 10
39.61877221430001
 20
248.78952179436024
 10
39.63803496496193
 20
248.7889992865377
 10
40.13937672502005
 20
248.77411109767036
 10
40.15739435289511
 20
248.77353268546642
 10
40.66414830007557
 20
248.7560451996021
 10
40.681029840036274
 20
248.75542456521495
 10
41.19253926763735
 20
248.73546561289191
 10
41.20838099577642
 20
248.7348139296554
 10
41.72398919709642
 20
248.71251134141187
 10
41.738876368987654
 20
248.7118377595089
 10
42.25792663732485
 20
248.68731936588316
 10
42.271934945563544
 20
248.68663139828098
 10
42.7937705742162
 20
248.66002502981112
 10
42.806967375079786
 20
248.659328860671
 10
43.3309316573462
 20
248.63076234789537
 10
43.34337700648603
 20
248.6300630804074
 10
43.86881323566448
 20
248.5996642538642
 10
43.8805607648753
 20
248.59896611050993
 10
44.40681223426406
 20
248.56686280073743
 10
44.41790989519649
 20
248.56616928602253
 10
44.94431989809385
 20
248.53248932355885
 10
44.95481059378081
 20
248.53180335702606
 10
45.48072242348505
 20
248.49667457240946
 10
45.490644544579915
 20
248.49599859804633
 10
46.0154014943893
 20
248.45954882181505
 10
46.02478937373796
 20
248.45888489868182
 10
46.547734736950794
 20
248.42124196137408
 10
46.55661903344999
 20
248.4205918392888
 10
47.077096103364546
 20
248.38188357144284
 10
47.08550412381179
 20
248.38124875480503
 10
47.60285619372634
 20
248.3416029869591
 10
47.61081215944029
 20
248.3409847892157
 10
48.124382522653136
 20
248.30052935190804
 10
48.13190778596062
 20
248.2999289427247
 10
48.64103973576999
 20
248.25879166649332
 10
48.64815294988814
 20
248.2582101133681
 10
49.1521897795924
 20
248.21651882875156
 10
49.158907024006936
 20
248.21595713456352
 10
49.65719202690429
 20
248.17383967209983
 10
49.66352688876519
 20
248.17329880993185
 10
50.15540335815395
 20
248.13088300015926
 10
50.16136696871348
 20
248.13036394663013
 10
50.64617819789195
 20
248.08777762008705
 10
50.65177922113329
 20
248.08728138840732
 10
51.12886850339967
 20
248.04465237563159
 10
51.13411307184639
 20
248.0441800496345
 10
51.60282370049907
 20
248.00163618116474
 10
51.607715290592026
 20
248.00118895167176
 10
52.06739055892921
 20
247.95885805804596
 10
52.071929794733535
 20
247.95843726314217
 10
52.521912996053544
 20
247.9164471748987
 10
52.526097365589585
 20
247.9160543459981
 10
52.96573179319067
 20
247.8745328936751
 10
52.96955525522219
 20
247.87416980973734
 10
53.39818420240263
 20
247.83324482387295
 10
53.81860341284237
 20
247.79271288793967
 10
54.22631783319333
 20
247.7530674018755
 10
54.62065012856301
 20
247.71443917645573
 10
55.000915923422575
 20
247.67695964652086
 10
55.366422041875325
 20
247.64076103875863
 10
55.71646409460232
 20
247.60597659281675
 10
56.050323124649644
 20
247.57274085721605
 10
56.36755937538468
 20
247.5411499620257
 10
56.66882757976419
 20
247.51114918881797
 10
56.954649606809355
 20
247.4826865708368
 10
57.22543193487384
 20
247.45572163031264
 10
57.4815810423075
 20
247.43021388947653
 10
57.723503407460754
 20
247.40612287055941
 10
57.9516055086844
 20
247.3834080957922
 10
58.16629382433075
 20
247.36202908740557
 10
58.36797483274819
 20
247.34194536763073
 10
58.557055012290114
 20
247.32311645869828
 10
58.73394084130523
 20
247.30550188283934
 10
58.89903879814801
 20
247.28906116228433
 10
59.052755361162376
 20
247.27375381926504
 10
59.19549700870773
 20
247.25953937601128
 10
59.3276702191272
 20
247.24637735475488
 10
59.44968147077853
 20
247.23422727772592
 10
59.56193724200599
 20
247.22304866715606
 10
59.66484401116656
 20
247.21280104527546
 10
59.75880825660655
 20
247.20344393431554
 10
59.84423645667857
 20
247.19493685650698
 10
59.92153508973503
 20
247.1872393340805
 10
59.9911106341182
 20
247.18031088926796
 10
60.0533695682019
 20
247.1741110442977
 10
60.108718370300835
 20
247.16859932140449
 10
60.157563518801446
 20
247.16373524281548
 10
60.23736876834877
 20
247.15578810748016
 10
60.29603714366165
 20
247.1499458161376
 10
60.33682047152476
 20
247.14588454663726
 10
60.35152143855104
 20
247.144420600654
 10
60.38187182208472
 20
247.14139826055992
 10
60.3856656200579
 20
247.141020468045
 10
60.38613984496183
 20
247.14097324396496
 10
60.50810132311383
 20
247.12681039591558
 10
60.62946661745602
 20
247.10867362232025
 10
60.75017351270231
 20
247.08657559826338
 10
60.870092752885874
 20
247.0605399868626
 10
60.98909592548068
 20
247.03059466770273
 10
61.10705559890882
 20
246.9967717069816
 10
61.22384545899741
 20
246.9591073231727
 10
61.33934044423899
 20
246.9176418482416
 10
61.45341687971055
 20
246.87241968445744
 10
61.56595260950767
 20
246.82348925684593
 10
61.67682712755217
 20
246.77090296133449
 10
61.78592170663303
 20
246.71471710864554
 10
61.89311952554245
 20
246.6549918639974
 10
61.99830579417093
 20
246.591791182678
 10
62.10136787642739
 20
246.52518274155995
 10
62.20219541085272
 20
246.45523786663028
 10
62.30068042879761
 20
246.38203145661305
 10
62.39671747003806
 20
246.30564190276573
 10
62.49020369570486
 20
246.22615100493587
 10
62.581038998405965
 20
246.14364388396797
 10
62.66912610942409
 20
246.0582088905537
 10
62.754370702874404
 20
245.9699375106239
 10
62.836681496711094
 20
245.8789242673832
 10
62.91597035047447
 20
245.7852666200921
 10
62.99215235967394
 20
245.68906485970516
 10
63.065145946705904
 20
245.59042200147698
 10
63.134872948209086
 20
245.48944367465091
 10
63.2012586987638
 20
245.38623800934855
 10
63.264232110845576
 20
245.28091552078132
 10
63.32372575094743
 20
245.173588990908
 10
63.37967591178941
 20
245.06437334766505
 10
63.43202268053787
 20
244.9533855418988
 10
63.4807100029617
 20
244.84074442213156
 10
63.525685743456556
 20
244.72657060729577
 10
63.56690174087301
 20
244.6109863575721
 10
63.60431386008866
 20
244.49411544347024
 10
63.6378820392692
 20
244.37608301329223
 10
63.66757033276755
 20
244.2570154591208
 10
63.693346949615446
 20
244.13704028147518
 10
63.71518428756592
 20
244.01628595278072
 10
63.733058962650524
 20
243.8948817797971
 10
63.74695183421947
 20
243.77295776515362
 10
63.75684802543791
 20
243.650644468139
 10
63.76273693921641
 20
243.52807286489534
 10
63.7646122695586
 20
243.40537420816543
 10
63.762472008313765
 20
243.28267988674418
 10
63.75631844732726
 20
243.1601212847841
 10
63.74615817598632
 20
243.03782964110601
 10
63.73200207416399
 20
242.91593590866495
 10
63.713865300568656
 20
242.79457061432277
 10
63.69176727651178
 20
242.67386371907648
 10
63.66573166511101
 20
242.5539444788929
 10
63.63578634595115
 20
242.4349413062981
 10
63.601963385230015
 20
242.31698163286995
 10
63.564299001421105
 20
242.20019177278138
 10
63.52283352649
 20
242.08469678753977
 10
63.47761136270585
 20
241.97062035206824
 10
63.428680935094334
 20
241.8580846222711
 10
63.37609463958291
 20
241.7472101042266
 10
63.31990878689395
 20
241.63811552514574
 10
63.26018354224581
 20
241.53091770623632
 10
63.196982860926425
 20
241.42573143760785
 10
63.13037441980835
 20
241.3226693553514
 10
63.0604295448787
 20
241.22184182092604
 10
62.987223134861466
 20
241.12335680298116
 10
62.91083358101413
 20
241.0273197617407
 10
62.83134268318429
 20
240.9338335360739
 10
62.74883556221638
 20
240.8429982333728
 10
62.6634005688021
 20
240.75491112235468
 10
62.575129188872324
 20
240.66966652890437
 10
62.48411594563163
 20
240.5873557350677
 10
62.39045829834052
 20
240.5080668813043
 10
62.294256537953565
 20
240.43188487210483
 10
62.1956136797254
 20
240.35889128507287
 10
62.09463535289933
 20
240.2891642835697
 10
61.99142968759697
 20
240.22277853301497
 10
61.88610719902973
 20
240.1598051209332
 10
61.778780669156426
 20
240.10031148083135
 10
61.669565025913464
 20
240.04436131998938
 10
61.55857722014719
 20
239.9920145512409
 10
61.44593610037997
 20
239.94332722881708
 10
61.33176228554419
 20
239.89835148832222
 10
61.21617803582052
 20
239.85713549090576
 10
61.09930712171863
 20
239.81972337169012
 10
60.981274691540655
 20
239.78615519250957
 10
60.862207137369204
 20
239.75646689901123
 10
60.742231959723604
 20
239.73069028216332
 10
60.62147763102913
 20
239.70885294421285
 10
60.50007345804551
 20
239.69097826912827
 10
60.37814944340202
 20
239.6770853975593
 10
60.255836146387416
 20
239.66718920634085
 10
60.13326454314374
 20
239.66130029256237
 10
60.01056588641383
 20
239.65942496222019
 10
59.88787156499258
 20
239.661565223465
 10
59.765312963032535
 20
239.66771878445152
 10
59.64302131935442
 20
239.67787905579246
  0
LWPOLYLINE
  5
91
330
17
100
AcDbEntity
  8
BRIDGE_CUTOUTS
100
AcDbPolyline
 90
778
 70
1
 10
-59.642953572962604
 20
239.6778858020873
 10
-59.61978430648528
 20
239.68019303497434
 10
-59.57527492705434
 20
239.68462535069344
 10
-59.52595555382634
 20
239.6895366533448
 10
-59.4571252197389
 20
239.69639088891552
 10
-59.41437724651098
 20
239.70064780096683
 10
-59.36553209801373
 20
239.7055118795555
 10
-59.310183295910655
 20
239.7110236024491
 10
-59.24792436182755
 20
239.71722344741931
 10
-59.17834881744914
 20
239.7241518922314
 10
-59.10105018438837
 20
239.7318494146583
 10
-59.01562198431736
 20
239.74035649246676
 10
-58.92165773887669
 20
239.74971360342676
 10
-58.81875096971702
 20
239.75996122530728
 10
-58.70649519848926
 20
239.77113983587716
 10
-58.584483946837985
 20
239.78328991290613
 10
-58.45231073641845
 20
239.79645193416252
 10
-58.30956908887321
 20
239.81066637741625
 10
-58.15585252585831
 20
239.8259737204356
 10
-57.99075456901513
 20
239.84241444099067
 10
-57.81386874000138
 20
239.86002901684947
 10
-57.62478856045925
 20
239.87885792578194
 10
-57.4231075520415
 20
239.89894164555682
 10
-57.20841923639511
 20
239.92032065394343
 10
-56.98031713517174
 20
239.94303542871063
 10
-56.738394770018076
 20
239.96712644762778
 10
-56.482245662584724
 20
239.99263418846385
 10
-56.211463334520744
 20
240.01959912898795
 10
-55.925641307474834
 20
240.0480617469692
 10
-55.62437310309514
 20
240.07806252017699
 10
-55.30730993871243
 20
240.10963618095124
 10
-54.97449295092597
 20
240.14276823912078
 10
-54.626634250923225
 20
240.1773359262142
 10
-54.264379297425684
 20
240.2132129616285
 10
-53.88832983192408
 20
240.25027758698857
 10
-53.49910048557913
 20
240.28840687944586
 10
-53.09731589650349
 20
240.3274770114416
 10
-52.68360862308098
 20
240.3673634459831
 10
-52.258617615744775
 20
240.4079410856459
 10
-51.82298708681372
 20
240.44908438813053
 10
-51.37736567037512
 20
240.49066745733077
 10
-50.92240579637871
 20
240.53256411646544
 10
-50.45876322765821
 20
240.574647967897
 10
-49.987096721029964
 20
240.61679244333234
 10
-49.50806778763625
 20
240.65887084695277
 10
-49.022340532326496
 20
240.7007563937206
 10
-48.53058155942657
 20
240.74232224451256
 10
-48.03345993468024
 20
240.7834415396214
 10
-47.53164719813047
 20
240.8239874318358
 10
-47.0258174227039
 20
240.86383312043841
 10
-46.516647317916195
 20
240.90285188723652
 10
-46.004816377228124
 20
240.94091713600386
 10
-45.49100707146705
 20
240.9779024366595
 10
-44.97590509026361
 20
241.01368157585523
 10
-44.46019963634817
 20
241.04812861582081
 10
-43.944583778445825
 20
241.0811179637516
 10
-43.42975487049177
 20
241.1125244545137
 10
-42.91641504712938
 20
241.142223450094
 10
-42.405271807628424
 20
241.17009096010486
 10
-41.89703870358784
 20
241.19600378876623
 10
-41.39243614938141
 20
241.21983971527146
 10
-40.89219237844192
 20
241.24147771640503
 10
-40.39704457476588
 20
241.26079824281797
 10
-39.907740215331934
 20
241.27768356382347
 10
-39.42503866842474
 20
241.2920182001324
 10
-38.94971310426871
 20
241.30368947011823
 10
-38.48255278850117
 20
241.3125881835941
 10
-38.02436584833393
 20
241.31860952853793
 10
-37.57598262516196
 20
241.32165421204934
 10
-37.13825975933992
 20
241.32162993886988
 10
-36.711969051028184
 20
241.318452476104
 10
-36.29726279551865
 20
241.31206179568701
 10
-35.89364002854436
 20
241.30248509623723
 10
-35.50085177725454
 20
241.28977580392947
 10
-35.11875718939138
 20
241.2739912972326
 10
-34.747214170570246
 20
241.25519129918536
 10
-34.38607902123078
 20
241.2334379329858
 10
-34.03520603260076
 20
241.20879575591653
 10
-33.69444704035576
 20
241.18133176631616
 10
-33.36365093540007
 20
241.15111537770335
 10
-33.0426631320191
 20
241.11821835357404
 10
-32.73132499486601
 20
241.08271469588385
 10
-32.429473227503
 20
241.04468047981226
 10
-32.13693922693206
 20
241.0041936271621
 10
-31.85354841036698
 20
240.96133361070972
 10
-31.579119522594205
 20
240.91618108207203
 10
-31.313463934696024
 20
240.86881741627332
 10
-31.0563849472662
 20
240.8193241672166
 10
-30.807677113944358
 20
240.7677824298186
 10
-30.56712560350197
 20
240.7142721066366
 10
-30.334505621234175
 20
240.6588710795389
 10
-30.109581912264826
 20
240.60165429023294
 10
-29.89210837103654
 20
240.54269273738942
 10
-29.68182778186314
 20
240.48205240246074
 10
-29.478471715326393
 20
240.41979312109197
 10
-29.28176060387005
 20
240.35596742196432
 10
-29.091404017279686
 20
240.29061935980528
 10
-28.907101154634663
 20
240.22378337381184
 10
-28.72854156370405
 20
240.15548320649114
 10
-28.55540609191871
 20
240.08573092062676
 10
-28.387368064802466
 20
240.014526053228
 10
-28.224094678993925
 20
239.94185494481997
 10
-28.065248587463856
 20
239.86769027977905
 10
-27.910489645480027
 20
239.79199086879004
 10
-27.75947677739519
 20
239.71470169774983
 10
-27.611869917214204
 20
239.6357542588543
 10
-27.4673319707968
 20
239.5550671696182
 10
-27.325530744766635
 20
239.47254707466757
 10
-27.186140787025636
 20
239.38808981394075
 10
-27.048845086579764
 20
239.30158183030588
 10
-26.913450283260843
 20
239.21297618649294
 10
-26.780265282816895
 20
239.12254750561044
 10
-26.64973560882729
 20
239.03063880399154
 10
-26.521907496004495
 20
238.93732317494212
 10
-26.396718138356988
 20
238.84259655637462
 10
-26.274105249603096
 20
238.74645198671504
 10
-26.15400729613408
 20
238.64887965131481
 10
-26.036363728644247
 20
238.54986695025872
 10
-25.921115210023444
 20
238.4493985873505
 10
-25.80820383708696
 20
238.3474566797336
 10
-25.69757335376963
 20
238.24402088730298
 10
-25.589169353545227
 20
238.13906856080627
 10
-25.48293946887331
 20
238.0325749071731
 10
-25.378833545785017
 20
237.92451317048042
 10
-25.276803801788688
 20
237.81485482660094
 10
-25.176804965654355
 20
237.70356978953052
 10
-25.078794397798795
 20
237.5906266271286
 10
-24.98273219034996
 20
237.47599278397422
 10
-24.88858124624355
 20
237.3596348089512
 10
-24.79630733701059
 20
237.24151858515603
 10
-24.705879139214048
 20
237.12160955974846
 10
-24.617268249817627
 20
236.9998729714688
 10
-24.530449180989237
 20
236.8762740735816
 10
-24.44539933516493
 20
236.75077835023185
 10
-24.362098961378116
 20
236.62335172430355
 10
-24.28053109409229
 20
236.4939607551096
 10
-24.200681475925737
 20
236.3625728244308
 10
-24.122538465810752
 20
236.22915630967722
 10
-24.046092934210193
 20
236.09368074315051
 10
-23.9713381470984
 20
235.95611695664854
 10
-23.89826964043525
 20
235.8164372108708
 10
-23.82688508687565
 20
235.67461530932582
 10
-23.75718415641897
 20
235.5306266966364
 10
-23.68916837265627
 20
235.38444854134337
 10
-23.6228409662089
 20
235.23605980351005
 10
-23.558206726841906
 20
235.08544128755233
 10
-23.49527185564213
 20
234.9325756808867
 10
-23.434043818528135
 20
234.77744757909724
 10
-23.37453120223616
 20
234.62004349842593
 10
-23.316743573785587
 20
234.46035187644085
 10
-23.26064604007686
 20
234.29823213431504
 10
-23.206040333173124
 20
234.13307171341552
 10
-23.152756710226605
 20
233.96442923567002
 10
-23.100811009566996
 20
233.79245301099908
 10
-23.05025311775484
 20
233.61742407773156
 10
-23.001123281246244
 20
233.43962075915175
 10
-22.953453006902357
 20
233.25931841976026
 10
-22.907265885981737
 20
233.07678929900604
 10
-22.862578345280152
 20
232.89230240593034
 10
-22.819400329765934
 20
232.70612346085085
 10
-22.77773592143943
 20
232.5185148725823
 10
-22.737583899253668
 20
232.32973574154
 10
-22.698938244898255
 20
232.1400418806902
 10
-22.661788599080225
 20
231.9496858475483
 10
-22.626120672699848
 20
231.75891698143218
 10
-22.591916617033142
 20
231.56798144093682
 10
-22.55915535672383
 20
231.37712223714928
 10
-22.52781288906299
 20
231.18657925846995
 10
-22.497862552710142
 20
230.99658928306948
 10
-22.469275268690453
 20
230.80738597500815
 10
-22.4420197561804
 20
230.61919985979478
 10
-22.416062725290065
 20
230.43225827478037
 10
-22.391369048735438
 20
230.2467852890835
 10
-22.367901913982678
 20
230.0630015867951
 10
-22.345622957122007
 20
229.8811243059024
 10
-22.324492379380253
 20
229.7013668236088
 10
-22.30446904678617
 20
229.52393847633542
 10
-22.28551057305065
 20
229.34904419959022
 10
-22.267573385160315
 20
229.17688406865796
 10
-22.250612770474067
 20
229.0076527154623
 10
-22.234582903170107
 20
228.84153858932245
 10
-22.219436846612084
 20
228.6787230189695
 10
-22.205126526408133
 20
228.51937901885825
 10
-22.191602666375115
 20
228.36366976293715
 10
-22.178814675861453
 20
228.2117466208659
 10
-22.166710471289424
 20
228.06374661153524
 10
-22.15523620625228
 20
227.91978907027655
 10
-22.14433587129504
 20
227.77997124014138
 10
-22.13395070355719
 20
227.644362368184
 10
-22.12401831253001
 20
227.51299568968375
 10
-22.114484725393897
 20
227.386035204923
 10
-22.105354833956724
 20
227.26430331909398
 10
-22.096669287081696
 20
227.14849602742706
 10
-22.088429052706722
 20
227.0386262357607
 10
-22.080622412081713
 20
226.93453769409388
 10
-22.073237646456718
 20
226.83607415242727
 10
-22.066263037081697
 20
226.74307936076036
 10
-22.05968686520671
 20
226.65539706909388
 10
-22.05349741208172
 20
226.57287102742734
 10
-22.04768295895672
 20
226.49534498576065
 10
-22.042231787081704
 20
226.4226626940938
 10
-22.037132177706727
 20
226.35466790242737
 10
-22.032372412081703
 20
226.29120436076042
 10
-22.02794077145673
 20
226.2321158190941
 10
-22.02382553708172
 20
226.1772460274273
 10
-22.020014990206704
 20
226.12643873576042
 10
-22.01649741208171
 20
226.07953769409383
 10
-22.013261083956728
 20
226.0363866524274
 10
-22.01029428708172
 20
225.99682936076061
 10
-22.007585302706723
 20
225.96070956909398
 10
-22.0008880370817
 20
225.87141269409375
 10
-21.99909311520673
 20
225.84748040242744
 10
-21.997497412081724
 20
225.82620436076067
 10
-21.99378842770674
 20
225.77675123576088
 10
-21.99209702145675
 20
225.75419915242767
 10
-21.989741552706697
 20
225.72279290242702
 10
-21.989513037081647
 20
225.7197460274263
 10
-21.97831876891849
 20
225.5973349315745
 10
-21.96314774863426
 20
225.47556335290872
 10
-21.944000596736583
 20
225.3543533541404
 10
-21.920897816475296
 20
225.2338347299721
 10
-21.89386414688616
 20
225.11413653476532
 10
-21.862928536299698
 20
224.99538694434557
 10
-21.82812411134257
 20
224.87771311874863
 10
-21.789488141464783
 20
224.76124106605434
 10
-21.747061999030606
 20
224.64609550745405
 10
-21.700891115016013
 20
224.532399743696
 10
-21.651024930360066
 20
224.42027552305177
 10
-21.5975168430223
 20
224.30984291094526
 10
-21.540424150802878
 20
224.2012201613835
 10
-21.479807989986632
 20
224.09452359032747
 10
-21.415733269876846
 20
223.98986745113788
 10
-21.348268603288698
 20
223.88736381222998
 10
-21.277486233076985
 20
223.78712243706767
 10
-21.203461954776632
 20
223.6892506666263
 10
-21.12627503543895
 20
223.59385330444906
 10
-21.046008128750486
 20
223.50103250442083
 10
-20.962747186525387
 20
223.41088766137918
 10
-20.87658136666605
 20
223.32351530467992
 10
-20.787602937690597
 20
223.239008994831
 10
-20.695907179929442
 20
223.15745922330575
 10
-20.60159228349673
 20
223.07895331564202
 10
-20.504759243145877
 20
223.00357533793218
 10
-20.40551175012191
 20
222.93140600680272
 10
-20.303956081126227
 20
222.86252260298107
 10
-20.200200984512882
 20
222.7969988885414
 10
-20.094357563838116
 20
222.7349050279183
 10
-19.986539158887872
 20
222.67630751277304
 10
-19.876861224310726
 20
222.62126909079248
 10
-19.76544120598616
 20
222.5698486984975
 10
-19.65239841526056
 20
222.5221013981321
 10
-19.537853901185652
 20
222.47807831870145
 10
-19.421930320896127
 20
222.43782660122162
 10
-19.304751808265337
 20
222.40138934823995
 10
-19.1864438409796
 20
222.36880557767952
 10
-19.067133106173586
 20
222.34011018105804
 10
-18.946947364770526
 20
222.3153338861249
 10
-18.82601531467264
 20
222.29450322395735
 10
-18.704466452948196
 20
222.27764050055012
 10
-18.58243093716279
 20
222.26476377292988
 10
-18.460039446003385
 20
222.25588682981902
 10
-18.337423039344284
 20
222.2510191768706
 10
-18.214713017904945
 20
222.25016602648935
 10
-18.092040782649875
 20
222.25332829225002
 10
-17.96953769408119
 20
222.26050258791923
 10
-17.847334931574498
 20
222.27168123108152
 10
-17.725563352908736
 20
222.28685225136573
 10
-17.604353354140386
 20
222.30599940326343
 10
-17.483834729972106
 20
222.3291021835247
 10
-17.364136534765322
 20
222.35613585311384
 10
-17.24538694434557
 20
222.3870714637003
 10
-17.127713118748623
 20
222.42187588865744
 10
-17.011241066054346
 20
222.46051185853523
 10
-16.896095507454064
 20
222.5029380009694
 10
-16.782399743696008
 20
222.54910888498398
 10
-16.67027552305178
 20
222.59897506963995
 10
-16.559842910945257
 20
222.6524831569777
 10
-16.45122016138351
 20
222.70957584919714
 10
-16.344523590327473
 20
222.77019201001337
 10
-16.239867451137894
 20
222.83426673012315
 10
-16.137363812229967
 20
222.9017313967113
 10
-16.03712243706767
 20
222.97251376692302
 10
-15.939250666626302
 20
223.04653804522337
 10
-15.843853304449068
 20
223.12372496456106
 10
-15.751032504420834
 20
223.2039918712495
 10
-15.660887661379174
 20
223.28725281347462
 10
-15.573515304679905
 20
223.37341863333396
 10
-15.489008994831014
 20
223.4623970623094
 10
-15.407459223305743
 20
223.55409282007057
 10
-15.328953315642037
 20
223.64840771650327
 10
-15.253575337932183
 20
223.74524075685412
 10
-15.181406006802728
 20
223.84448824987808
 10
-15.112522602981084
 20
223.94604391887378
 10
-15.046998888541406
 20
224.0497990154871
 10
-14.98490502791831
 20
224.15564243616188
 10
-14.926307512773029
 20
224.26346084111213
 10
-14.871269090792492
 20
224.37313877568928
 10
-14.819848698497513
 20
224.48455879401385
 10
-14.772101398132104
 20
224.59760158473944
 10
-14.728078318701437
 20
224.71214609881434
 10
-14.687826601221623
 20
224.82806967910386
 10
-14.651389348239935
 20
224.94524819173466
 10
-14.618805577679518
 20
225.0635561590204
 10
-14.590110181058026
 20
225.1828668938264
 10
-14.565333886124902
 20
225.30305263522948
 10
-14.544503223957335
 20
225.42398468532735
 10
-14.527640500550131
 20
225.5455335470518
 10
-14.514763772929875
 20
225.6675690628372
 10
-14.50588682981903
 20
225.78996055399662
 10
-14.501019176870624
 20
225.9125769606557
 10
-14.500166026489357
 20
226.03528698209504
 10
-14.503328292250021
 20
226.15795921735014
 10
-14.51050258791924
 20
226.2804623059188
 10
-14.511172509793267
 20
226.28939459757254
 10
-14.511926416043266
 20
226.29944668090587
 10
-14.513877587918271
 20
226.32546230590594
 10
-14.517094384793307
 20
226.36835293090638
 10
-14.518502587918313
 20
226.3871289725731
 10
-14.521893212918275
 20
226.43233730590597
 10
-14.523899072293297
 20
226.45908209757292
 10
-14.526127587918301
 20
226.4887956392396
 10
-14.531299462918296
 20
226.55775397257287
 10
-14.534266259793291
 20
226.59731126423947
 10
-14.53750258791827
 20
226.64046230590588
 10
-14.541020166043293
 20
226.68736334757284
 10
-14.544830712918298
 20
226.73817063923957
 10
-14.548945947293287
 20
226.7930404309061
 10
-14.55337758791827
 20
226.8521289725726
 10
-14.558137353543312
 20
226.91559251423976
 10
-14.56323696291828
 20
226.983587305906
 10
-14.568688134793295
 20
227.05626959757288
 10
-14.574502587918287
 20
227.13379563923945
 10
-14.580692041043278
 20
227.21632168090602
 10
-14.587268212918284
 20
227.30400397257276
 10
-14.594242822293301
 20
227.3969987642396
 10
-14.601627587918284
 20
227.49546230590607
 10
-14.609434228543291
 20
227.59955084757283
 10
-14.617674462918274
 20
227.7094206392393
 10
-14.626360009793304
 20
227.82522793090624
 10
-14.635502587918278
 20
227.94712897257264
 10
-14.645146466177609
 20
228.07555842889155
 10
-14.655433288622318
 20
228.21161942533018
 10
-14.666428774943277
 20
228.35522080915163
 10
-14.666824871424916
 20
228.3603468557007
 10
-14.67817773600825
 20
228.50596925153408
 10
-14.678688805963656
 20
228.5124521647784
 10
-14.690729170546991
 20
228.6635120606117
 10
-14.69135265415575
 20
228.67123365565627
 10
-14.70413520623908
 20
228.8275279264896
 10
-14.704870960519434
 20
228.8363946256249
 10
-14.718450387602774
 20
228.99772014645825
 10
-14.719300204035648
 20
229.00765794751743
 10
-14.73373119361898
 20
229.17381159335076
 10
-14.734698471520629
 20
229.18476228445044
 10
-14.75003571110396
 20
229.35554093028378
 10
-14.751125239054588
 20
229.36745920984947
 10
-14.767423416137923
 20
229.5426597306828
 10
-14.768641230202913
 20
229.55551099459385
 10
-14.785955032286246
 20
229.7349302654272
 10
-14.787308330251431
 20
229.7486888923952
 10
-14.805692444834762
 20
229.93212378822847
 10
-14.80718954250607
 20
229.9467718019504
 10
-14.826698657089402
 20
230.13401919778377
 10
-14.828348977244367
 20
230.14954521739494
 10
-14.849037779327702
 20
230.34040198822825
 10
-14.850851866976614
 20
230.35680040180543
 10
-14.872775044059948
 20
230.55106342263878
 10
-14.874764603799578
 20
230.56833373512163
 10
-14.897976843382915
 20
230.765799880955
 10
-14.900154796124006
 20
230.7839461998287
 10
-14.924710785707337
 20
230.98441234566204
 10
-14.927091343145028
 20
231.0034429765176
 10
-14.953045770228362
 20
231.20670599735092
 10
-14.955644526233787
 20
231.2266331278873
 10
-14.983052078317119
 20
231.43248989872063
 10
-14.985886117053717
 20
231.45332935455923
 10
-15.014801481637047
 20
231.66157675039256
 10
-15.017889502705357
 20
231.6833478096587
 10
-15.048367367288693
 20
231.89378270549204
 10
-15.051729828622626
 20
231.9165079618167
 10
-15.083824880705965
 20
232.12892723265008
 10
-15.0874841603102
 20
232.15263249826933
 10
-15.12125108739352
 20
232.36683301910253
 10
-15.125231665345412
 20
232.39154726124036
 10
-15.160725154928754
 20
232.60732590707377
 10
-15.165053817386664
 20
232.63308121191758
 10
-15.202328556969995
 20
232.8502348577509
 10
-15.207034624237796
 20
232.8770664171115
 10
-15.246145301321132
 20
233.09539193794487
 10
-15.25126088233075
 20
233.12333805424623
 10
-15.292262184414087
 20
233.3426323250796
 10
-15.29782246029922
 20
233.37173443061977
 10
-15.340769074882541
 20
233.59179432645297
 10
-15.346812614637095
 20
233.62209701299966
 10
-15.391759229220433
 20
233.84271940883306
 10
-15.398328340759566
 20
233.8742704635446
 10
-15.4453296428429
 20
234.09525223437794
 10
-15.452470763106527
 20
234.12810267776663
 10
-15.501581440189865
 20
234.3492406986
 10
-15.509345568251725
 20
234.38344481983015
 10
-15.560620307835055
 20
234.60453596566353
 10
-15.569063485276537
 20
234.64015134980164
 10
-15.622556974859865
 20
234.86099249563486
 10
-15.631740817934794
 20
234.89808003660383
 10
-15.687507745018127
 20
235.11846805743716
 10
-15.69750003334326
 20
235.15709194931296
 10
-15.755595085426595
 20
235.37682372014635
 10
-15.766470412037396
 20
235.41705141799974
 10
-15.826948276620733
 20
235.6359238138331
 10
-15.838788764209928
 20
235.6778259536151
 10
-15.901704128793261
 20
235.8956358494484
 10
-15.91460021671576
 20
235.9392861143073
 10
-15.980007768799089
 20
236.15583038514058
 10
-15.994059074911007
 20
236.20130530304104
 10
-16.062013501994347
 20
236.4163808238744
 10
-16.077329762489047
 20
236.46375947841622
 10
-16.147885752072376
 20
236.67716312424957
 10
-16.164494773767323
 20
236.72625782922398
 10
-16.237699851892323
 20
236.9378177250573
 10
-16.25531709385947
 20
236.98759407222178
 10
-16.331190140734474
 20
237.19726334305514
 10
-16.349751140105393
 20
237.24743393665096
 10
-16.42830387448039
 20
237.45519695748428
 10
-16.447830357457654
 20
237.5057355722233
 10
-16.529074498082654
 20
237.71157671805665
 10
-16.549587279265104
 20
237.76245521092653
 10
-16.633534544890104
 20
237.96635885675988
 10
-16.655053388795668
 20
238.01754716208808
 10
-16.74171549817067
 20
238.21949768292137
 10
-16.76425897681657
 20
238.2709638187919
 10
-16.85364764869157
 20
238.47094558962525
 10
-16.877232996178613
 20
238.52265567655542
 10
-16.969359949303616
 20
238.72065307238879
 10
-16.994002914476297
 20
238.77257136509263
 10
-17.088879867601296
 20
238.96856876092593
 10
-17.114594565992906
 20
239.02065769392655
 10
-17.212233237867906
 20
239.2146394647599
 10
-17.23903200426004
 20
239.2668597124987
 10
-17.33944411363504
 20
239.45881023333203
 10
-17.3673373566673
 20
239.51112078528163
 10
-17.470534622292295
 20
239.70102443111497
 10
-17.499530682670915
 20
239.75338268227762
 10
-17.60552482329592
 20
239.94122382811094
 10
-17.635629837219835
 20
239.99358568508697
 10
-17.74443257159483
 20
240.17934870592032
 10
-17.775650341094277
 20
240.2316687085671
 10
-17.887273387969273
 20
240.41533797940042
 10
-17.919605259875894
 20
240.46756943786718
 10
-18.034060338000895
 20
240.64912933370053
 10
-18.067505093298553
 20
240.70122448043648
 10
-18.184803921423555
 20
240.8806593762698
 10
-18.219357676691832
 20
240.93256953233853
 10
-18.339511973566832
 20
241.1098638031719
 10
-18.37516809619925
 20
241.16153955800215
 10
-18.49818958057425
 20
241.33667757883546
 10
-18.53493861934746
 20
241.38806898226534
 10
-18.66083900997246
 20
241.5610351280987
 10
-18.698668642449704
 20
241.61209189337671
 10
-18.827459658074705
 20
241.78287053921005
 10
-18.86635465614647
 20
241.83354225535209
 10
-18.998048015521476
 20
242.00211777618546
 10
-19.03799023022815
 20
242.0523541279198
 10
-19.172597652103136
 20
242.21871089875305
 10
-19.21356601863718
 20
242.26846189205875
 10
-19.35109922176219
 20
242.43258428789215
 10
-19.393069785344473
 20
242.48180047903276
 10
-19.53354048846947
 20
242.64367287486607
 10
-19.57648645146247
 20
242.69230560061516
 10
-19.71990637333747
 20
242.8519123714485
 10
-19.7637981637502
 20
242.8999139782126
 10
-19.910179023125202
 20
243.05723949904598
 10
-19.954984384294583
 20
243.10456356845503
 10
-20.10433789991957
 20
243.25959221428826
 10
-20.150022000880465
 20
243.30619378286084
 10
-20.30235989150547
 20
243.45890992869428
 10
-20.34888545728313
 20
243.50474569924663
 10
-20.504219441658133
 20
243.6551337200799
 10
-20.551546902330806
 20
243.70016226254052
 10
-20.70988869920581
 20
243.84820653337388
 10
-20.75797635644282
 20
243.89238847293163
 10
-20.91933768456783
 20
244.03807336876503
 10
-20.96814189394435
 20
244.08137155930095
 10
-21.132534472069334
 20
244.22468145513417
 10
-21.182009839332146
 20
244.26706113619514
 10
-21.349445386207144
 20
244.40798040702848
 10
-21.39954497544699
 20
244.44940934281274
 10
-21.570035209821995
 20
244.5879223636461
 10
-21.62071076129962
 20
244.62837096269186
 10
-21.79426740192462
 20
244.7644621085252
 10
-21.845469557262792
 20
244.80390352314984
 10
-22.02210432288779
 20
244.93755716898318
 10
-22.073782855211544
 20
244.97596737376753
 10
-22.25350746458654
 20
245.10716789460082
 10
-22.305611511189674
 20
245.14452574353822
 10
-22.48843768306467
 20
245.27325751437158
 10
-22.54091597820747
 20
245.30954477661166
 10
-22.726855431332474
 20
245.435792172445
 10
-22.779877663960164
 20
245.47113826894028
 10
-22.968968847851976
 20
245.5948841268121
 10
-23.02333988500808
 20
245.6298005204797
 10
-23.21572817225075
 20
245.7510215255824
 10
-23.271543206697785
 20
245.78551133222996
 10
-23.467400700642173
 20
245.90418263179444
 10
-23.524519468875653
 20
245.93810325009625
 10
-23.72401827287262
 20
246.05419999135339
 10
-23.78229128461175
 20
246.0874174370781
 10
-23.985603502012154
 20
246.20091476725878
 10
-24.04487365521075
 20
246.233305189464
 10
-24.252171389365454
 20
246.3441782557991
 10
-24.312275750345037
 20
246.37562923058877
 10
-24.523731104604902
 20
246.48385318030924
 10
-24.584502803136406
 20
246.51426475008043
 10
-24.800287880852288
 20
246.6198147304171
 10
-24.86155806596373
 20
246.64910016674736
 10
-25.081844970486483
 20
246.7519513249311
 10
-25.14344477152678
 20
246.78003760431662
 10
-25.368405606207272
 20
246.88016508757832
 10
-25.43016804516221
 20
246.90699308037014
 10
-25.6599749133513
 20
247.00437203594078
 10
-25.72173671848125
 20
247.0298964194017
 10
-25.956561723529784
 20
247.12450199451203
 10
-26.018165000587675
 20
247.14869091027276
 10
-26.258180245846535
 20
247.24049825215374
 10
-26.31947397105366
 20
247.26333273607585
 10
-26.564851559873695
 20
247.35231699195836
 10
-26.62569286770234
 20
247.37379021012583
 10
-26.87660490343441
 20
247.4599265272408
 10
-26.9368601516537
 20
247.4800428554486
 10
-27.19347873764866
 20
247.56330638102685
 10
-27.253024341278024
 20
247.58208036667514
 10
-27.515521580886737
 20
247.6624462479476
 10
-27.57424461532642
 20
247.67990149290614
 10
-27.84279261189975
 20
247.75734487710363
 10
-27.900591193017682
 20
247.7735128781055
 10
-28.175362049906482
 20
247.84800891245897
 10
-28.23214550517816
 20
247.86292789231842
 10
-28.51331132573329
 20
247.93445172405876
 10
-28.569000175324803
 20
247.94816548279502
 10
-28.85673306289712
 20
248.01669225915313
 10
-28.911258832995365
 20
248.02924906935962
 10
-29.205730890935747
 20
248.09475393756637
 10
-29.25903578360164
 20
248.1062055033892
 10
-29.56041911526091
 20
248.1686636106753
 10
-29.61245555983226
 20
248.17906410486455
 10
-29.920922268561323
 20
248.2384505984612
 10
-29.971652379349173
 20
248.24785578735282
 10
-30.28737456849886
 20
248.3041458144907
 10
-30.336769532269937
 20
248.31261227660323
 10
-30.659919305191114
 20
248.36578098451332
 10
-30.707958720253245
 20
248.37336542486534
 10
-31.038708180296776
 20
248.4233879607785
 10
-31.08537936665832
 20
248.4301466200123
 10
-31.423900617175043
 20
248.47699813115926
 10
-31.469197914828133
 20
248.48298628617925
 10
-31.815663059168944
 20
248.52664191979125
 10
-31.859587128992512
 20
248.53191347082043
 10
-32.21416827050824
 20
248.57234837412807
 10
-32.25672540964353
 20
248.57695551179472
 10
-32.61959465168505
 20
248.61414483202898
 10
-32.66079613296036
 20
248.61813777730515
 10
-33.03212557887853
 20
248.65205666169695
 10
-33.07198702150194
 20
248.6554834710733
 10
-33.4519487746476
 20
248.68610706685334
 10
-33.49048955145446
 20
248.6890134950459
 10
-33.879255715178495
 20
248.7163169494453
 10
-33.91649839998452
 20
248.7187463620806
 10
-34.31424107763779
 20
248.74270482233018
 10
-34.35021093470427
 20
248.74469815138812
 10
-34.757102229637624
 20
248.76528676471872
 10
-34.79182674607776
 20
248.76688249998787
 10
-35.208038761642065
 20
248.7840764136304
 10
-35.2415472225696
 20
248.78531062398037
 10
-35.667252062115686
 20
248.79908498516568
 10
-35.69957516753955
 20
248.7999913640405
 10
-36.134944934418314
 20
248.81032131999956
 10
-36.16611445631034
 20
248.81093125015138
 10
-36.61132125387263
 20
248.81779194811503
 10
-36.641151637192635
 20
248.81813296192686
 10
-37.09622943378055
 20
248.82152499634387
 10
-37.12397225586457
 20
248.82162915811213
 10
-37.58840247978514
 20
248.82165491230285
 10
-37.61407369270919
 20
248.82156846670352
 10
-38.0871996372607
 20
248.81835577120614
 10
-38.11101340939573
 20
248.818118445101
 10
-38.59217836787648
 20
248.81179513045382
 10
-38.614320333714176
 20
248.81143875641595
 10
-39.10286759942243
 20
248.80213265315714
 10
-39.12349934806598
 20
248.8016828556925
 10
-39.61877221430001
 20
248.78952179436024
 10
-39.63803496496193
 20
248.7889992865377
 10
-40.13937672502005
 20
248.77411109767036
 10
-40.15739435289511
 20
248.77353268546642
 10
-40.66414830007557
 20
248.7560451996021
 10
-40.681029840036274
 20
248.75542456521495
 10
-41.19253926763735
 20
248.73546561289191
 10
-41.20838099577642
 20
248.7348139296554
 10
-41.72398919709642
 20
248.71251134141187
 10
-41.738876368987654
 20
248.7118377595089
 10
-42.25792663732485
 20
248.68731936588316
 10
-42.271934945563544
 20
248.68663139828098
 10
-42.7937705742162
 20
248.66002502981112
 10
-42.806967375079786
 20
248.659328860671
 10
-43.3309316573462
 20
248.63076234789537
 10
-43.34337700648603
 20
248.6300630804074
 10
-43.86881323566448
 20
248.5996642538642
 10
-43.8805607648753
 20
248.59896611050993
 10
-44.40681223426406
 20
248.56686280073743
 10
-44.41790989519649
 20
248.56616928602253
 10
-44.94431989809385
 20
248.53248932355885
 10
-44.95481059378081
 20
248.53180335702606
 10
-45.48072242348505
 20
248.49667457240946
 10
-45.490644544579915
 20
248.49599859804633
 10
-46.0154014943893
 20
248.45954882181505
 10
-46.02478937373796
 20
248.45888489868182
 10
-46.547734736950794
 20
248.42124196137408
 10
-46.55661903344999
 20
248.4205918392888
 10
-47.077096103364546
 20
248.38188357144284
 10
-47.08550412381179
 20
248.38124875480503
 10
-47.60285619372634
 20
248.3416029869591
 10
-47.61081215944029
 20
248.3409847892157
 10
-48.124382522653136
 20
248.30052935190804
 10
-48.13190778596062
 20
248.2999289427247
 10
-48.64103973576999
 20
248.25879166649332
 10
-48.64815294988814
 20
248.2582101133681
 10
-49.1521897795924
 20
248.21651882875156
 10
-49.158907024006936
 20
248.21595713456352
 10
-49.65719202690429
 20
248.17383967209983
 10
-49.66352688876519
 20
248.17329880993185
 10
-50.15540335815395
 20
248.13088300015926
 10
-50.16136696871348
 20
248.13036394663013
 10
-50.64617819789195
 20
248.08777762008705
 10
-50.65177922113329
 20
248.08728138840732
 10
-51.12886850339967
 20
248.04465237563159
 10
-51.13411307184639
 20
248.0441800496345
 10
-51.60282370049907
 20
248.00163618116474
 10
-51.607715290592026
 20
248.00118895167176
 10
-52.06739055892921
 20
247.95885805804596
 10
-52.071929794733535
 20
247.95843726314217
 10
-52.521912996053544
 20
247.9164471748987
 10
-52.526097365589585
 20
247.9160543459981
 10
-52.96573179319067
 20
247.8745328936751
 10
-52.96955525522219
 20
247.87416980973734
 10
-53.39818420240263
 20
247.83324482387295
 10
-53.81860341284237
 20
247.79271288793967
 10
-54.22631783319333
 20
247.7530674018755
 10
-54.62065012856301
 20
247.71443917645573
 10
-55.000915923422575
 20
247.67695964652086
 10
-55.366422041875325
 20
247.64076103875863
 10
-55.71646409460232
 20
247.60597659281675
 10
-56.050323124649644
 20
247.57274085721605
 10
-56.36755937538468
 20
247.5411499620257
 10
-56.66882757976419
 20
247.51114918881797
 10
-56.954649606809355
 20
247.4826865708368
 10
-57.22543193487384
 20
247.45572163031264
 10
-57.4815810423075
 20
247.43021388947653
 10
-57.723503407460754
 20
247.40612287055941
 10
-57.9516055086844
 20
247.3834080957922
 10
-58.16629382433075
 20
247.36202908740557
 10
-58.36797483274819
 20
247.34194536763073
 10
-58.557055012290114
 20
247.32311645869828
 10
-58.73394084130523
 20
247.30550188283934
 10
-58.89903879814801
 20
247.28906116228433
 10
-59.052755361162376
 20
247.27375381926504
 10
-59.19549700870773
 20
247.25953937601128
 10
-59.3276702191272
 20
247.24637735475488
 10
-59.44968147077853
 20
247.23422727772592
 10
-59.56193724200599
 20
247.22304866715606
 10
-59.66484401116656
 20
247.21280104527546
 10
-59.75880825660655
 20
247.20344393431554
 10
-59.84423645667857
 20
247.19493685650698
 10
-59.92153508973503
 20
247.1872393340805
 10
-59.9911106341182
 20
247.18031088926796
 10
-60.0533695682019
 20
247.1741110442977
 10
-60.108718370300835
 20
247.16859932140449
 10
-60.157563518801446
 20
247.16373524281548
 10
-60.23736876834877
 20
247.15578810748016
 10
-60.29603714366165
 20
247.1499458161376
 10
-60.33682047152476
 20
247.14588454663726
 10
-60.35152143855104
 20
247.144420600654
 10
-60.38187182208472
 20
247.14139826055992
 10
-60.3856656200579
 20
247.141020468045
 10
-60.38613984496183
 20
247.14097324396496
 10
-60.50810132311383
 20
247.12681039591558
 10
-60.62946661745602
 20
247.10867362232025
 10
-60.75017351270231
 20
247.08657559826338
 10
-60.870092752885874
 20
247.0605399868626
 10
-60.98909592548068
 20
247.03059466770273
 10
-61.10705559890882
 20
246.9967717069816
 10
-61.22384545899741
 20
246.9591073231727
 10
-61.33934044423899
 20
246.9176418482416
 10
-61.45341687971055
 20
246.87241968445744
 10
-61.56595260950767
 20
246.82348925684593
 10
-61.67682712755217
 20
246.77090296133449
 10
-61.78592170663303
 20
246.71471710864554
 10
-61.89311952554245
 20
246.6549918639974
 10
-61.99830579417093
 20
246.591791182678
 10
-62.10136787642739
 20
246.52518274155995
 10
-62.20219541085272
 20
246.45523786663028
 10
-62.30068042879761
 20
246.38203145661305
 10
-62.39671747003806
 20
246.30564190276573
 10
-62.49020369570486
 20
246.22615100493587
 10
-62.581038998405965
 20
246.14364388396797
 10
-62.66912610942409
 20
246.0582088905537
 10
-62.754370702874404
 20
245.9699375106239
 10
-62.836681496711094
 20
245.8789242673832
 10
-62.91597035047447
 20
245.7852666200921
 10
-62.99215235967394
 20
245.68906485970516
 10
-63.065145946705904
 20
245.59042200147698
 10
-63.134872948209086
 20
245.48944367465091
 10
-63.2012586987638
 20
245.38623800934855
 10
-63.264232110845576
 20
245.28091552078132
 10
-63.32372575094743
 20
245.173588990908
 10
-63.37967591178941
 20
245.06437334766505
 10
-63.43202268053787
 20
244.9533855418988
 10
-63.4807100029617
 20
244.84074442213156
 10
-63.525685743456556
 20
244.72657060729577
 10
-63.56690174087301
 20
244.6109863575721
 10
-63.60431386008866
 20
244.49411544347024
 10
-63.6378820392692
 20
244.37608301329223
 10
-63.66757033276755
 20
244.2570154591208
 10
-63.693346949615446
 20
244.13704028147518
 10
-63.71518428756592
 20
244.01628595278072
 10
-63.733058962650524
 20
243.8948817797971
 10
-63.74695183421947
 20
243.77295776515362
 10
-63.75684802543791
 20
243.650644468139
 10
-63.76273693921641
 20
243.52807286489534
 10
-63.7646122695586
 20
243.40537420816543
 10
-63.762472008313765
 20
243.28267988674418
 10
-63.75631844732726
 20
243.1601212847841
 10
-63.74615817598632
 20
243.03782964110601
 10
-63.73200207416399
 20
242.91593590866495
 10
-63.713865300568656
 20
242.79457061432277
 10
-63.69176727651178
 20
242.67386371907648
 10
-63.66573166511101
 20
242.5539444788929
 10
-63.63578634595115
 20
242.4349413062981
 10
-63.601963385230015
 20
242.31698163286995
 10
-63.564299001421105
 20
242.20019177278138
 10
-63.52283352649
 20
242.08469678753977
 10
-63.47761136270585
 20
241.97062035206824
 10
-63.428680935094334
 20
241.8580846222711
 10
-63.37609463958291
 20
241.7472101042266
 10
-63.31990878689395
 20
241.63811552514574
 10
-63.26018354224581
 20
241.53091770623632
 10
-63.196982860926425
 20
241.42573143760785
 10
-63.13037441980835
 20
241.3226693553514
 10
-63.0604295448787
 20
241.22184182092604
 10
-62.987223134861466
 20
241.12335680298116
 10
-62.91083358101413
 20
241.0273197617407
 10
-62.83134268318429
 20
240.9338335360739
 10
-62.74883556221638
 20
240.8429982333728
 10
-62.6634005688021
 20
240.75491112235468
 10
-62.575129188872324
 20
240.66966652890437
 10
-62.48411594563163
 20
240.5873557350677
 10
-62.39045829834052
 20
240.5080668813043
 10
-62.294256537953565
 20
240.43188487210483
 10
-62.1956136797254
 20
240.35889128507287
 10
-62.09463535289933
 20
240.2891642835697
 10
-61.99142968759697
 20
240.22277853301497
 10
-61.88610719902973
 20
240.1598051209332
 10
-61.778780669156426
 20
240.10031148083135
 10
-61.669565025913464
 20
240.04436131998938
 10
-61.55857722014719
 20
239.9920145512409
 10
-61.44593610037997
 20
239.94332722881708
 10
-61.33176228554419
 20
239.89835148832222
 10
-61.21617803582052
 20
239.85713549090576
 10
-61.09930712171863
 20
239.81972337169012
 10
-60.981274691540655
 20
239.78615519250957
 10
-60.862207137369204
 20
239.75646689901123
 10
-60.742231959723604
 20
239.73069028216332
 10
-60.62147763102913
 20
239.70885294421285
 10
-60.50007345804551
 20
239.69097826912827
 10
-60.37814944340202
 20
239.6770853975593
 10
-60.255836146387416
 20
239.66718920634085
 10
-60.13326454314374
 20
239.66130029256237
 10
-60.01056588641383
 20
239.65942496222019
 10
-59.88787156499258
 20
239.661565223465
 10
-59.765312963032535
 20
239.66771878445152
 10
-59.64302131935442
 20
239.67787905579246
  0
LWPOLYLINE
  5
92
330
17
100
AcDbEntity
  8
HOLES
100
AcDbPolyline
 90
2
 70
1
 10
-21.5
 20
306.9371870788979
 42
1.0
 10
-10.5
 20
306.9371870788979
 42
1.0
  0
LWPOLYLINE
  5
93
330
17
100
AcDbEntity
  8
HOLES
100
AcDbPolyline
 90
2
 70
1
 10
-5.5
 20
306.9371870788979
 42
1.0
 10
5.5
 20
306.9371870788979
 42
1.0
  0
LWPOLYLINE
  5
94
330
17
100
AcDbEntity
  8
HOLES
100
AcDbPolyline
 90
2
 70
1
 10
10.5
 20
306.9371870788979
 42
1.0
 10
21.5
 20
306.9371870788979
 42
1.0
  0
LWPOLYLINE
  5
95
330
17
100
AcDbEntity
  8
HOLES
100
AcDbPolyline
 90
2
 70
1
 10
-29.5
 20
320.793593539449
 42
1.0
 10
-18.5
 20
320.793593539449
 42
1.0
  0
LWPOLYLINE
  5
96
330
17
100
AcDbEntity
  8
HOLES
100
AcDbPolyline
 90
2
 70
1
 10
-13.5
 20
320.793593539449
 42
1.0
 10
-2.5
 20
320.793593539449
 42
1.0
  0
LWPOLYLINE
  5
97
330
17
100
AcDbEntity
  8
HOLES
100
AcDbPolyline
 90
2
 70
1
 10
2.5
 20
320.793593539449
 42
1.0
 10
13.5
 20
320.793593539449
 42
1.0
  0
LWPOLYLINE
  5
98
330
17
100
AcDbEntity
  8
HOLES
100
AcDbPolyline
 90
2
 70
1
 10
18.5
 20
320.793593539449
 42
1.0
 10
29.5
 20
320.793593539449
 42
1.0
  0
LWPOLYLINE
  5
99
330
17
100
AcDbEntity
  8
HOLES
100
AcDbPolyline
 90
2
 70
1
 10
-37.5
 20
334.65
 42
1.0
 10
-26.5
 20
334.65
 42
1.0
  0
LWPOLYLINE
  5
9A
330
17
100
AcDbEntity
  8
HOLES
100
AcDbPolyline
 90
2
 70
1
 10
-21.5
 20
334.65
 42
1.0
 10
-10.5
 20
334.65
 42
1.0
  0
LWPOLYLINE
  5
9B
330
17
100
AcDbEntity
  8
HOLES
100
AcDbPolyline
 90
2
 70
1
 10
-5.5
 20
334.65
 42
1.0
 10
5.5
 20
334.65
 42
1.0
  0
LWPOLYLINE
  5
9C
330
17
100
AcDbEntity
  8
HOLES
100
AcDbPolyline
 90
2
 70
1
 10
10.5
 20
334.65
 42
1.0
 10
21.5
 20
334.65
 42
1.0
  0
LWPOLYLINE
  5
9D
330
17
100
AcDbEntity
  8
HOLES
100
AcDbPolyline
 90
2
 70
1
 10
26.5
 20
334.65
 42
1.0
 10
37.5
 20
334.65
 42
1.0
  0
LWPOLYLINE
  5
9E
330
17
100
AcDbEntity
  8
HOLES
100
AcDbPolyline
 90
2
 70
1
 10
-29.5
 20
348.506406460551
 42
1.0
 10
-18.5
 20
348.506406460551
 42
1.0
  0
LWPOLYLINE
  5
9F
330
17
100
AcDbEntity
  8
HOLES
100
AcDbPolyline
 90
2
 70
1
 10
-13.5
 20
348.506406460551
 42
1.0
 10
-2.5
 20
348.506406460551
 42
1.0
  0
LWPOLYLINE
  5
A0
330
17
100
AcDbEntity
  8
HOLES
100
AcDbPolyline
 90
2
 70
1
 10
2.5
 20
348.506406460551
 42
1.0
 10
13.5
 20
348.506406460551
 42
1.0
  0
LWPOLYLINE
  5
A1
330
17
100
AcDbEntity
  8
HOLES
100
AcDbPolyline
 90
2
 70
1
 10
18.5
 20
348.506406460551
 42
1.0
 10
29.5
 20
348.506406460551
 42
1.0
  0
LWPOLYLINE
  5
A2
330
17
100
AcDbEntity
  8
HOLES
100
AcDbPolyline
 90
2
 70
1
 10
-21.5
 20
362.36281292110203
 42
1.0
 10
-10.5
 20
362.36281292110203
 42
1.0
  0
LWPOLYLINE
  5
A3
330
17
100
AcDbEntity
  8
HOLES
100
AcDbPolyline
 90
2
 70
1
 10
-5.5
 20
362.36281292110203
 42
1.0
 10
5.5
 20
362.36281292110203
 42
1.0
  0
LWPOLYLINE
  5
A4
330
17
100
AcDbEntity
  8
HOLES
100
AcDbPolyline
 90
2
 70
1
 10
10.5
 20
362.36281292110203
 42
1.0
 10
21.5
 20
362.36281292110203
 42
1.0
  0
LWPOLYLINE
  5
A5
330
17
100
AcDbEntity
  8
HOLES
100
AcDbPolyline
 90
2
 70
1
 10
-58.0
 20
274.0282217350893
 42
1.0
 10
-47.0
 20
274.0282217350893
 42
1.0
  0
LWPOLYLINE
  5
A6
330
17
100
AcDbEntity
  8
HOLES
100
AcDbPolyline
 90
2
 70
1
 10
-40.5
 20
274.0282217350893
 42
1.0
 10
-29.5
 20
274.0282217350893
 42
1.0
  0
LWPOLYLINE
  5
A7
330
17
100
AcDbEntity
  8
HOLES
100
AcDbPolyline
 90
2
 70
1
 10
-23.0
 20
274.0282217350893
 42
1.0
 10
-12.0
 20
274.0282217350893
 42
1.0
  0
LWPOLYLINE
  5
A8
330
17
100
AcDbEntity
  8
HOLES
100
AcDbPolyline
 90
2
 70
1
 10
-5.5
 20
274.0282217350893
 42
1.0
 10
5.5
 20
274.0282217350893
 42
1.0
  0
LWPOLYLINE
  5
A9
330
17
100
AcDbEntity
  8
HOLES
100
AcDbPolyline
 90
2
 70
1
 10
12.0
 20
274.0282217350893
 42
1.0
 10
23.0
 20
274.0282217350893
 42
1.0
  0
LWPOLYLINE
  5
AA
330
17
100
AcDbEntity
  8
HOLES
100
AcDbPolyline
 90
2
 70
1
 10
29.5
 20
274.0282217350893
 42
1.0
 10
40.5
 20
274.0282217350893
 42
1.0
  0
LWPOLYLINE
  5
AB
330
17
100
AcDbEntity
  8
HOLES
100
AcDbPolyline
 90
2
 70
1
 10
47.0
 20
274.0282217350893
 42
1.0
 10
58.0
 20
274.0282217350893
 42
1.0
  0
LWPOLYLINE
  5
AC
330
17
100
AcDbEntity
  8
HOLES
100
AcDbPolyline
 90
2
 70
1
 10
-66.75
 20
289.183666301317
 42
1.0
 10
-55.75
 20
289.183666301317
 42
1.0
  0
LWPOLYLINE
  5
AD
330
17
100
AcDbEntity
  8
HOLES
100
AcDbPolyline
 90
2
 70
1
 10
-49.25
 20
289.183666301317
 42
1.0
 10
-38.25
 20
289.183666301317
 42
1.0
  0
LWPOLYLINE
  5
AE
330
17
100
AcDbEntity
  8
HOLES
100
AcDbPolyline
 90
2
 70
1
 10
-31.75
 20
289.183666301317
 42
1.0
 10
-20.75
 20
289.183666301317
 42
1.0
  0
LWPOLYLINE
  5
AF
330
17
100
AcDbEntity
  8
HOLES
100
AcDbPolyline
 90
2
 70
1
 10
-14.25
 20
289.183666301317
 42
1.0
 10
-3.25
 20
289.183666301317
 42
1.0
  0
LWPOLYLINE
  5
B0
330
17
100
AcDbEntity
  8
HOLES
100
AcDbPolyline
 90
2
 70
1
 10
3.25
 20
289.183666301317
 42
1.0
 10
14.25
 20
289.183666301317
 42
1.0
  0
LWPOLYLINE
  5
B1
330
17
100
AcDbEntity
  8
HOLES
100
AcDbPolyline
 90
2
 70
1
 10
20.75
 20
289.183666301317
 42
1.0
 10
31.75
 20
289.183666301317
 42
1.0
  0
LWPOLYLINE
  5
B2
330
17
100
AcDbEntity
  8
HOLES
100
AcDbPolyline
 90
2
 70
1
 10
38.25
 20
289.183666301317
 42
1.0
 10
49.25
 20
289.183666301317
 42
1.0
  0
LWPOLYLINE
  5
B3
330
17
100
AcDbEntity
  8
HOLES
100
AcDbPolyline
 90
2
 70
1
 10
55.75
 20
289.183666301317
 42
1.0
 10
66.75
 20
289.183666301317
 42
1.0
  0
LWPOLYLINE
  5
B4
330
17
100
AcDbEntity
  8
HOLES
100
AcDbPolyline
 90
2
 70
1
 10
-75.5
 20
304.3391108675446
 42
1.0
 10
-64.5
 20
304.3391108675446
 42
1.0
  0
LWPOLYLINE
  5
B5
330
17
100
AcDbEntity
  8
HOLES
100
AcDbPolyline
 90
2
 70
1
 10
-58.0
 20
304.3391108675446
 42
1.0
 10
-47.0
 20
304.3391108675446
 42
1.0
  0
LWPOLYLINE
  5
B6
330
17
100
AcDbEntity
  8
HOLES
100
AcDbPolyline
 90
2
 70
1
 10
-40.5
 20
304.3391108675446
 42
1.0
 10
-29.5
 20
304.3391108675446
 42
1.0
  0
LWPOLYLINE
  5
B7
330
17
100
AcDbEntity
  8
HOLES
100
AcDbPolyline
 90
2
 70
1
 10
29.5
 20
304.3391108675446
 42
1.0
 10
40.5
 20
304.3391108675446
 42
1.0
  0
LWPOLYLINE
  5
B8
330
17
100
AcDbEntity
  8
HOLES
100
AcDbPolyline
 90
2
 70
1
 10
47.0
 20
304.3391108675446
 42
1.0
 10
58.0
 20
304.3391108675446
 42
1.0
  0
LWPOLYLINE
  5
B9
330
17
100
AcDbEntity
  8
HOLES
100
AcDbPolyline
 90
2
 70
1
 10
64.5
 20
304.3391108675446
 42
1.0
 10
75.5
 20
304.3391108675446
 42
1.0
  0
LWPOLYLINE
  5
BA
330
17
100
AcDbEntity
  8
HOLES
100
AcDbPolyline
 90
2
 70
1
 10
-101.75
 20
319.4945554337723
 42
1.0
 10
-90.75
 20
319.4945554337723
 42
1.0
  0
LWPOLYLINE
  5
BB
330
17
100
AcDbEntity
  8
HOLES
100
AcDbPolyline
 90
2
 70
1
 10
-84.25
 20
319.4945554337723
 42
1.0
 10
-73.25
 20
319.4945554337723
 42
1.0
  0
LWPOLYLINE
  5
BC
330
17
100
AcDbEntity
  8
HOLES
100
AcDbPolyline
 90
2
 70
1
 10
-66.75
 20
319.4945554337723
 42
1.0
 10
-55.75
 20
319.4945554337723
 42
1.0
  0
LWPOLYLINE
  5
BD
330
17
100
AcDbEntity
  8
HOLES
100
AcDbPolyline
 90
2
 70
1
 10
-49.25
 20
319.4945554337723
 42
1.0
 10
-38.25
 20
319.4945554337723
 42
1.0
  0
LWPOLYLINE
  5
BE
330
17
100
AcDbEntity
  8
HOLES
100
AcDbPolyline
 90
2
 70
1
 10
38.25
 20
319.4945554337723
 42
1.0
 10
49.25
 20
319.4945554337723
 42
1.0
  0
LWPOLYLINE
  5
BF
330
17
100
AcDbEntity
  8
HOLES
100
AcDbPolyline
 90
2
 70
1
 10
55.75
 20
319.4945554337723
 42
1.0
 10
66.75
 20
319.4945554337723
 42
1.0
  0
LWPOLYLINE
  5
C0
330
17
100
AcDbEntity
  8
HOLES
100
AcDbPolyline
 90
2
 70
1
 10
73.25
 20
319.4945554337723
 42
1.0
 10
84.25
 20
319.4945554337723
 42
1.0
  0
LWPOLYLINE
  5
C1
330
17
100
AcDbEntity
  8
HOLES
100
AcDbPolyline
 90
2
 70
1
 10
90.75
 20
319.4945554337723
 42
1.0
 10
101.75
 20
319.4945554337723
 42
1.0
  0
LWPOLYLINE
  5
C2
330
17
100
AcDbEntity
  8
HOLES
100
AcDbPolyline
 90
2
 70
1
 10
-110.5
 20
334.65
 42
1.0
 10
-99.5
 20
334.65
 42
1.0
  0
LWPOLYLINE
  5
C3
330
17
100
AcDbEntity
  8
HOLES
100
AcDbPolyline
 90
2
 70
1
 10
-93.0
 20
334.65
 42
1.0
 10
-82.0
 20
334.65
 42
1.0
  0
LWPOLYLINE
  5
C4
330
17
100
AcDbEntity
  8
HOLES
100
AcDbPolyline
 90
2
 70
1
 10
-75.5
 20
334.65
 42
1.0
 10
-64.5
 20
334.65
 42
1.0
  0
LWPOLYLINE
  5
C5
330
17
100
AcDbEntity
  8
HOLES
100
AcDbPolyline
 90
2
 70
1
 10
-58.0
 20
334.65
 42
1.0
 10
-47.0
 20
334.65
 42
1.0
  0
LWPOLYLINE
  5
C6
330
17
100
AcDbEntity
  8
HOLES
100
AcDbPolyline
 90
2
 70
1
 10
47.0
 20
334.65
 42
1.0
 10
58.0
 20
334.65
 42
1.0
  0
LWPOLYLINE
  5
C7
330
17
100
AcDbEntity
  8
HOLES
100
AcDbPolyline
 90
2
 70
1
 10
64.5
 20
334.65
 42
1.0
 10
75.5
 20
334.65
 42
1.0
  0
LWPOLYLINE
  5
C8
330
17
100
AcDbEntity
  8
HOLES
100
AcDbPolyline
 90
2
 70
1
 10
82.0
 20
334.65
 42
1.0
 10
93.0
 20
334.65
 42
1.0
  0
LWPOLYLINE
  5
C9
330
17
100
AcDbEntity
  8
HOLES
100
AcDbPolyline
 90
2
 70
1
 10
99.5
 20
334.65
 42
1.0
 10
110.5
 20
334.65
 42
1.0
  0
LWPOLYLINE
  5
CA
330
17
100
AcDbEntity
  8
HOLES
100
AcDbPolyline
 90
2
 70
1
 10
-101.75
 20
349.80544456622766
 42
1.0
 10
-90.75
 20
349.80544456622766
 42
1.0
  0
LWPOLYLINE
  5
CB
330
17
100
AcDbEntity
  8
HOLES
100
AcDbPolyline
 90
2
 70
1
 10
-84.25
 20
349.80544456622766
 42
1.0
 10
-73.25
 20
349.80544456622766
 42
1.0
  0
LWPOLYLINE
  5
CC
330
17
100
AcDbEntity
  8
HOLES
100
AcDbPolyline
 90
2
 70
1
 10
-66.75
 20
349.80544456622766
 42
1.0
 10
-55.75
 20
349.80544456622766
 42
1.0
  0
LWPOLYLINE
  5
CD
330
17
100
AcDbEntity
  8
HOLES
100
AcDbPolyline
 90
2
 70
1
 10
-49.25
 20
349.80544456622766
 42
1.0
 10
-38.25
 20
349.80544456622766
 42
1.0
  0
LWPOLYLINE
  5
CE
330
17
100
AcDbEntity
  8
HOLES
100
AcDbPolyline
 90
2
 70
1
 10
38.25
 20
349.80544456622766
 42
1.0
 10
49.25
 20
349.80544456622766
 42
1.0
  0
LWPOLYLINE
  5
CF
330
17
100
AcDbEntity
  8
HOLES
100
AcDbPolyline
 90
2
 70
1
 10
55.75
 20
349.80544456622766
 42
1.0
 10
66.75
 20
349.80544456622766
 42
1.0
  0
LWPOLYLINE
  5
D0
330
17
100
AcDbEntity
  8
HOLES
100
AcDbPolyline
 90
2
 70
1
 10
73.25
 20
349.80544456622766
 42
1.0
 10
84.25
 20
349.80544456622766
 42
1.0
  0
LWPOLYLINE
  5
D1
330
17
100
AcDbEntity
  8
HOLES
100
AcDbPolyline
 90
2
 70
1
 10
90.75
 20
349.80544456622766
 42
1.0
 10
101.75
 20
349.80544456622766
 42
1.0
  0
LWPOLYLINE
  5
D2
330
17
100
AcDbEntity
  8
HOLES
100
AcDbPolyline
 90
2
 70
1
 10
-110.5
 20
364.96088913245535
 42
1.0
 10
-99.5
 20
364.96088913245535
 42
1.0
  0
LWPOLYLINE
  5
D3
330
17
100
AcDbEntity
  8
HOLES
100
AcDbPolyline
 90
2
 70
1
 10
-93.0
 20
364.96088913245535
 42
1.0
 10
-82.0
 20
364.96088913245535
 42
1.0
  0
LWPOLYLINE
  5
D4
330
17
100
AcDbEntity
  8
HOLES
100
AcDbPolyline
 90
2
 70
1
 10
-75.5
 20
364.96088913245535
 42
1.0
 10
-64.5
 20
364.96088913245535
 42
1.0
  0
LWPOLYLINE
  5
D5
330
17
100
AcDbEntity
  8
HOLES
100
AcDbPolyline
 90
2
 70
1
 10
-58.0
 20
364.96088913245535
 42
1.0
 10
-47.0
 20
364.96088913245535
 42
1.0
  0
LWPOLYLINE
  5
D6
330
17
100
AcDbEntity
  8
HOLES
100
AcDbPolyline
 90
2
 70
1
 10
-40.5
 20
364.96088913245535
 42
1.0
 10
-29.5
 20
364.96088913245535
 42
1.0
  0
LWPOLYLINE
  5
D7
330
17
100
AcDbEntity
  8
HOLES
100
AcDbPolyline
 90
2
 70
1
 10
29.5
 20
364.96088913245535
 42
1.0
 10
40.5
 20
364.96088913245535
 42
1.0
  0
LWPOLYLINE
  5
D8
330
17
100
AcDbEntity
  8
HOLES
100
AcDbPolyline
 90
2
 70
1
 10
47.0
 20
364.96088913245535
 42
1.0
 10
58.0
 20
364.96088913245535
 42
1.0
  0
LWPOLYLINE
  5
D9
330
17
100
AcDbEntity
  8
HOLES
100
AcDbPolyline
 90
2
 70
1
 10
64.5
 20
364.96088913245535
 42
1.0
 10
75.5
 20
364.96088913245535
 42
1.0
  0
LWPOLYLINE
  5
DA
330
17
100
AcDbEntity
  8
HOLES
100
AcDbPolyline
 90
2
 70
1
 10
82.0
 20
364.96088913245535
 42
1.0
 10
93.0
 20
364.96088913245535
 42
1.0
  0
LWPOLYLINE
  5
DB
330
17
100
AcDbEntity
  8
HOLES
100
AcDbPolyline
 90
2
 70
1
 10
99.5
 20
364.96088913245535
 42
1.0
 10
110.5
 20
364.96088913245535
 42
1.0
  0
LWPOLYLINE
  5
DC
330
17
100
AcDbEntity
  8
HOLES
100
AcDbPolyline
 90
2
 70
1
 10
-101.75
 20
380.116333698683
 42
1.0
 10
-90.75
 20
380.116333698683
 42
1.0
  0
LWPOLYLINE
  5
DD
330
17
100
AcDbEntity
  8
HOLES
100
AcDbPolyline
 90
2
 70
1
 10
-84.25
 20
380.116333698683
 42
1.0
 10
-73.25
 20
380.116333698683
 42
1.0
  0
LWPOLYLINE
  5
DE
330
17
100
AcDbEntity
  8
HOLES
100
AcDbPolyline
 90
2
 70
1
 10
-66.75
 20
380.116333698683
 42
1.0
 10
-55.75
 20
380.116333698683
 42
1.0
  0
LWPOLYLINE
  5
DF
330
17
100
AcDbEntity
  8
HOLES
100
AcDbPolyline
 90
2
 70
1
 10
-49.25
 20
380.116333698683
 42
1.0
 10
-38.25
 20
380.116333698683
 42
1.0
  0
LWPOLYLINE
  5
E0
330
17
100
AcDbEntity
  8
HOLES
100
AcDbPolyline
 90
2
 70
1
 10
-31.75
 20
380.116333698683
 42
1.0
 10
-20.75
 20
380.116333698683
 42
1.0
  0
LWPOLYLINE
  5
E1
330
17
100
AcDbEntity
  8
HOLES
100
AcDbPolyline
 90
2
 70
1
 10
-14.25
 20
380.116333698683
 42
1.0
 10
-3.25
 20
380.116333698683
 42
1.0
  0
LWPOLYLINE
  5
E2
330
17
100
AcDbEntity
  8
HOLES
100
AcDbPolyline
 90
2
 70
1
 10
3.25
 20
380.116333698683
 42
1.0
 10
14.25
 20
380.116333698683
 42
1.0
  0
LWPOLYLINE
  5
E3
330
17
100
AcDbEntity
  8
HOLES
100
AcDbPolyline
 90
2
 70
1
 10
20.75
 20
380.116333698683
 42
1.0
 10
31.75
 20
380.116333698683
 42
1.0
  0
LWPOLYLINE
  5
E4
330
17
100
AcDbEntity
  8
HOLES
100
AcDbPolyline
 90
2
 70
1
 10
38.25
 20
380.116333698683
 42
1.0
 10
49.25
 20
380.116333698683
 42
1.0
  0
LWPOLYLINE
  5
E5
330
17
100
AcDbEntity
  8
HOLES
100
AcDbPolyline
 90
2
 70
1
 10
55.75
 20
380.116333698683
 42
1.0
 10
66.75
 20
380.116333698683
 42
1.0
  0
LWPOLYLINE
  5
E6
330
17
100
AcDbEntity
  8
HOLES
100
AcDbPolyline
 90
2
 70
1
 10
73.25
 20
380.116333698683
 42
1.0
 10
84.25
 20
380.116333698683
 42
1.0
  0
LWPOLYLINE
  5
E7
330
17
100
AcDbEntity
  8
HOLES
100
AcDbPolyline
 90
2
 70
1
 10
90.75
 20
380.116333698683
 42
1.0
 10
101.75
 20
380.116333698683
 42
1.0
  0
LWPOLYLINE
  5
E8
330
17
100
AcDbEntity
  8
HOLES
100
AcDbPolyline
 90
2
 70
1
 10
-93.0
 20
395.27177826491067
 42
1.0
 10
-82.0
 20
395.27177826491067
 42
1.0
  0
LWPOLYLINE
  5
E9
330
17
100
AcDbEntity
  8
HOLES
100
AcDbPolyline
 90
2
 70
1
 10
-75.5
 20
395.27177826491067
 42
1.0
 10
-64.5
 20
395.27177826491067
 42
1.0
  0
LWPOLYLINE
  5
EA
330
17
100
AcDbEntity
  8
HOLES
100
AcDbPolyline
 90
2
 70
1
 10
-58.0
 20
395.27177826491067
 42
1.0
 10
-47.0
 20
395.27177826491067
 42
1.0
  0
LWPOLYLINE
  5
EB
330
17
100
AcDbEntity
  8
HOLES
100
AcDbPolyline
 90
2
 70
1
 10
-40.5
 20
395.27177826491067
 42
1.0
 10
-29.5
 20
395.27177826491067
 42
1.0
  0
LWPOLYLINE
  5
EC
330
17
100
AcDbEntity
  8
HOLES
100
AcDbPolyline
 90
2
 70
1
 10
-23.0
 20
395.27177826491067
 42
1.0
 10
-12.0
 20
395.27177826491067
 42
1.0
  0
LWPOLYLINE
  5
ED
330
17
100
AcDbEntity
  8
HOLES
100
AcDbPolyline
 90
2
 70
1
 10
-5.5
 20
395.27177826491067
 42
1.0
 10
5.5
 20
395.27177826491067
 42
1.0
  0
LWPOLYLINE
  5
EE
330
17
100
AcDbEntity
  8
HOLES
100
AcDbPolyline
 90
2
 70
1
 10
12.0
 20
395.27177826491067
 42
1.0
 10
23.0
 20
395.27177826491067
 42
1.0
  0
LWPOLYLINE
  5
EF
330
17
100
AcDbEntity
  8
HOLES
100
AcDbPolyline
 90
2
 70
1
 10
29.5
 20
395.27177826491067
 42
1.0
 10
40.5
 20
395.27177826491067
 42
1.0
  0
LWPOLYLINE
  5
F0
330
17
100
AcDbEntity
  8
HOLES
100
AcDbPolyline
 90
2
 70
1
 10
47.0
 20
395.27177826491067
 42
1.0
 10
58.0
 20
395.27177826491067
 42
1.0
  0
LWPOLYLINE
  5
F1
330
17
100
AcDbEntity
  8
HOLES
100
AcDbPolyline
 90
2
 70
1
 10
64.5
 20
395.27177826491067
 42
1.0
 10
75.5
 20
395.27177826491067
 42
1.0
  0
LWPOLYLINE
  5
F2
330
17
100
AcDbEntity
  8
HOLES
100
AcDbPolyline
 90
2
 70
1
 10
82.0
 20
395.27177826491067
 42
1.0
 10
93.0
 20
395.27177826491067
 42
1.0
  0
LWPOLYLINE
  5
F3
330
17
100
AcDbEntity
  8
HOLES
100
AcDbPolyline
 90
2
 70
1
 10
-84.25
 20
410.42722283113835
 42
1.0
 10
-73.25
 20
410.42722283113835
 42
1.0
  0
LWPOLYLINE
  5
F4
330
17
100
AcDbEntity
  8
HOLES
100
AcDbPolyline
 90
2
 70
1
 10
-66.75
 20
410.42722283113835
 42
1.0
 10
-55.75
 20
410.42722283113835
 42
1.0
  0
LWPOLYLINE
  5
F5
330
17
100
AcDbEntity
  8
HOLES
100
AcDbPolyline
 90
2
 70
1
 10
-49.25
 20
410.42722283113835
 42
1.0
 10
-38.25
 20
410.42722283113835
 42
1.0
  0
LWPOLYLINE
  5
F6
330
17
100
AcDbEntity
  8
HOLES
100
AcDbPolyline
 90
2
 70
1
 10
-31.75
 20
410.42722283113835
 42
1.0
 10
-20.75
 20
410.42722283113835
 42
1.0
  0
LWPOLYLINE
  5
F7
330
17
100
AcDbEntity
  8
HOLES
100
AcDbPolyline
 90
2
 70
1
 10
-14.25
 20
410.42722283113835
 42
1.0
 10
-3.25
 20
410.42722283113835
 42
1.0
  0
LWPOLYLINE
  5
F8
330
17
100
AcDbEntity
  8
HOLES
100
AcDbPolyline
 90
2
 70
1
 10
3.25
 20
410.42722283113835
 42
1.0
 10
14.25
 20
410.42722283113835
 42
1.0
  0
LWPOLYLINE
  5
F9
330
17
100
AcDbEntity
  8
HOLES
100
AcDbPolyline
 90
2
 70
1
 10
20.75
 20
410.42722283113835
 42
1.0
 10
31.75
 20
410.42722283113835
 42
1.0
  0
LWPOLYLINE
  5
FA
330
17
100
AcDbEntity
  8
HOLES
100
AcDbPolyline
 90
2
 70
1
 10
38.25
 20
410.42722283113835
 42
1.0
 10
49.25
 20
410.42722283113835
 42
1.0
  0
LWPOLYLINE
  5
FB
330
17
100
AcDbEntity
  8
HOLES
100
AcDbPolyline
 90
2
 70
1
 10
55.75
 20
410.42722283113835
 42
1.0
 10
66.75
 20
410.42722283113835
 42
1.0
  0
LWPOLYLINE
  5
FC
330
17
100
AcDbEntity
  8
HOLES
100
AcDbPolyline
 90
2
 70
1
 10
73.25
 20
410.42722283113835
 42
1.0
 10
84.25
 20
410.42722283113835
 42
1.0
  0
LWPOLYLINE
  5
FD
330
17
100
AcDbEntity
  8
HOLES
100
AcDbPolyline
 90
2
 70
1
 10
-58.0
 20
425.58266739736604
 42
1.0
 10
-47.0
 20
425.58266739736604
 42
1.0
  0
LWPOLYLINE
  5
FE
330
17
100
AcDbEntity
  8
HOLES
100
AcDbPolyline
 90
2
 70
1
 10
-40.5
 20
425.58266739736604
 42
1.0
 10
-29.5
 20
425.58266739736604
 42
1.0
  0
LWPOLYLINE
  5
FF
330
17
100
AcDbEntity
  8
HOLES
100
AcDbPolyline
 90
2
 70
1
 10
-23.0
 20
425.58266739736604
 42
1.0
 10
-12.0
 20
425.58266739736604
 42
1.0
  0
LWPOLYLINE
  5
100
330
17
100
AcDbEntity
  8
HOLES
100
AcDbPolyline
 90
2
 70
1
 10
-5.5
 20
425.58266739736604
 42
1.0
 10
5.5
 20
425.58266739736604
 42
1.0
  0
LWPOLYLINE
  5
101
330
17
100
AcDbEntity
  8
HOLES
100
AcDbPolyline
 90
2
 70
1
 10
12.0
 20
425.58266739736604
 42
1.0
 10
23.0
 20
425.58266739736604
 42
1.0
  0
LWPOLYLINE
  5
102
330
17
100
AcDbEntity
  8
HOLES
100
AcDbPolyline
 90
2
 70
1
 10
29.5
 20
425.58266739736604
 42
1.0
 10
40.5
 20
425.58266739736604
 42
1.0
  0
LWPOLYLINE
  5
103
330
17
100
AcDbEntity
  8
HOLES
100
AcDbPolyline
 90
2
 70
1
 10
47.0
 20
425.58266739736604
 42
1.0
 10
58.0
 20
425.58266739736604
 42
1.0
  0
LWPOLYLINE
  5
104
330
17
100
AcDbEntity
  8
HANDLE
100
AcDbPolyline
 90
761
 70
1
 10
11.245349922839505
 20
0.47541435185185177
 10
11.073077160493826
 20
0.45164814814814813
 10
10.899864583333333
 20
0.42868749999999994
 10
10.72572839506173
 20
0.40651851851851856
 10
10.550684799382715
 20
0.38512731481481477
 10
10.37475
 20
0.36450000000000005
 10
10.197940200617284
 20
0.34462268518518513
 10
10.020271604938273
 20
0.32548148148148154
 10
9.841760416666666
 20
0.30706249999999996
 10
9.662422839506174
 20
0.2893518518518519
 10
9.482275077160494
 20
0.27233564814814815
 10
9.301333333333334
 20
0.25600000000000006
 10
9.119613811728396
 20
0.2403310185185185
 10
8.937132716049383
 20
0.22531481481481486
 10
8.75390625
 20
0.2109375
 10
8.56995061728395
 20
0.19718518518518513
 10
8.385282021604938
 20
0.1840439814814815
 10
8.199916666666665
 20
0.17149999999999996
 10
8.013870756172839
 20
0.15953935185185186
 10
7.82716049382716
 20
0.1481481481481481
 10
7.6398020833333335
 20
0.1373125
 10
7.451811728395061
 20
0.1270185185185185
 10
7.26320563271605
 20
0.11725231481481484
 10
7.074
 20
0.10799999999999998
 10
6.884211033950619
 20
0.0992476851851852
 10
6.693854938271604
 20
0.09098148148148147
 10
6.502947916666668
 20
0.08318750000000003
 10
6.311506172839506
 20
0.07585185185185185
 10
6.1195459104938275
 20
0.06896064814814817
 10
5.927083333333333
 20
0.0625
 10
5.734134645061728
 20
0.056456018518518516
 10
5.540716049382716
 20
0.05081481481481482
 10
5.346843750000001
 20
0.045562500000000006
 10
5.1525339506172845
 20
0.04068518518518519
 10
4.957802854938271
 20
0.03616898148148149
 10
4.762666666666667
 20
0.03200000000000001
 10
4.567141589506174
 20
0.028164351851851857
 10
4.371243827160493
 20
0.02464814814814814
 10
4.174989583333334
 20
0.021437499999999995
 10
3.9783950617283947
 20
0.018518518518518514
 10
3.7814764660493823
 20
0.015877314814814813
 10
3.5842499999999995
 20
0.013499999999999998
 10
3.38673186728395
 20
0.011372685185185184
 10
3.188938271604939
 20
0.009481481481481481
 10
2.9908854166666665
 20
0.0078125
 10
2.79258950617284
 20
0.0063518518518518524
 10
2.594066743827161
 20
0.005085648148148149
 10
2.395333333333334
 20
0.004000000000000001
 10
2.1964054783950617
 20
0.0030810185185185177
 10
1.9972993827160495
 20
0.0023148148148148143
 10
1.7980312499999995
 20
0.0016874999999999998
 10
1.5986172839506174
 20
0.0011851851851851852
 10
1.3990736882716048
 20
0.0007939814814814816
 10
1.1994166666666668
 20
0.0005000000000000001
 10
0.9996624228395061
 20
0.0002893518518518518
 10
0.7998271604938271
 20
0.00014814814814814815
 10
0.5999270833333333
 20
6.250000000000001e-05
 10
0.3999783950617284
 20
1.8518518518518518e-05
 10
0.19999729938271604
 20
2.3148148148148148e-06
 10
0.0
 20
0.0
 10
-0.19999729938271668
 20
2.3148148148148364e-06
 10
-0.39997839506172833
 20
1.8518518518518505e-05
 10
-0.5999270833333339
 20
6.250000000000016e-05
 10
-0.799827160493827
 20
0.00014814814814814804
 10
-0.9996624228395066
 20
0.0002893518518518522
 10
-1.1994166666666664
 20
0.0004999999999999997
 10
-1.3990736882716053
 20
0.0007939814814814821
 10
-1.598617283950617
 20
0.0011851851851851843
 10
-1.7980312500000002
 20
0.0016875000000000008
 10
-1.997299382716049
 20
0.0023148148148148134
 10
-2.1964054783950617
 20
0.0030810185185185194
 10
-2.395333333333333
 20
0.0039999999999999975
 10
-2.5940667438271605
 20
0.005085648148148149
 10
-2.7925895061728387
 20
0.006351851851851847
 10
-2.990885416666667
 20
0.0078125
 10
-3.188938271604939
 20
0.009481481481481487
 10
-3.38673186728395
 20
0.011372685185185184
 10
-3.5842500000000004
 20
0.013500000000000007
 10
-3.7814764660493823
 20
0.015877314814814813
 10
-3.978395061728395
 20
0.018518518518518524
 10
-4.174989583333333
 20
0.021437499999999995
 10
-4.3712438271604945
 20
0.024648148148148155
 10
-4.567141589506173
 20
0.028164351851851847
 10
-4.762666666666668
 20
0.03200000000000001
 10
-4.957802854938271
 20
0.03616898148148147
 10
-5.1525339506172845
 20
0.04068518518518519
 10
-5.34684375
 20
0.045562499999999985
 10
-5.540716049382716
 20
0.05081481481481482
 10
-5.734134645061728
 20
0.0564560185185185
 10
-5.927083333333333
 20
0.0625
 10
-6.119545910493825
 20
0.06896064814814812
 10
-6.311506172839506
 20
0.07585185185185185
 10
-6.502947916666668
 20
0.08318750000000003
 10
-6.693854938271604
 20
0.09098148148148147
 10
-6.884211033950615
 20
0.09924768518518515
 10
-7.074000000000001
 20
0.10799999999999998
 10
-7.263205632716051
 20
0.11725231481481484
 10
-7.45181172839506
 20
0.1270185185185185
 10
-7.6398020833333335
 20
0.1373125
 10
-7.8271604938271615
 20
0.1481481481481482
 10
-8.013870756172839
 20
0.15953935185185186
 10
-8.199916666666665
 20
0.17149999999999996
 10
-8.385282021604938
 20
0.1840439814814815
 10
-8.569950617283952
 20
0.19718518518518524
 10
-8.75390625
 20
0.2109375
 10
-8.937132716049382
 20
0.22531481481481477
 10
-9.119613811728396
 20
0.2403310185185185
 10
-9.301333333333336
 20
0.25600000000000006
 10
-9.482275077160494
 20
0.27233564814814815
 10
-9.662422839506174
 20
0.2893518518518519
 10
-9.841760416666665
 20
0.30706249999999996
 10
-10.020271604938273
 20
0.32548148148148154
 10
-10.197940200617282
 20
0.34462268518518513
 10
-10.374750000000002
 20
0.36450000000000005
 10
-10.550684799382715
 20
0.38512731481481477
 10
-10.72572839506173
 20
0.40651851851851856
 10
-10.899864583333331
 20
0.42868749999999994
 10
-11.073077160493826
 20
0.45164814814814813
 10
-11.245349922839504
 20
0.47541435185185177
 10
-11.416666666666666
 20
0.5
 10
-11.587010416666667
 20
0.5254405864197531
 10
-11.75636111111111
 20
0.551858024691358
 10
-11.924697916666666
 20
0.5793958333333334
 10
-12.092
 20
0.6081975308641976
 10
-12.258246527777779
 20
0.6384066358024691
 10
-12.423416666666668
 20
0.6701666666666666
 10
-12.587489583333333
 20
0.7036211419753087
 10
-12.750444444444444
 20
0.7389135802469136
 10
-12.912260416666665
 20
0.7761875
 10
-13.072916666666668
 20
0.8155864197530864
 10
-13.232392361111113
 20
0.8572538580246915
 10
-13.390666666666668
 20
0.9013333333333333
 10
-13.54771875
 20
0.9479683641975309
 10
-13.703527777777776
 20
0.9973024691358022
 10
-13.858072916666666
 20
1.0494791666666665
 10
-14.011333333333333
 20
1.104641975308642
 10
-14.163288194444442
 20
1.1629344135802469
 10
-14.313916666666668
 20
1.2245000000000001
 10
-14.463197916666667
 20
1.2894822530864194
 10
-14.61111111111111
 20
1.3580246913580247
 10
-14.757635416666666
 20
1.4302708333333332
 10
-14.902750000000001
 20
1.5063641975308641
 10
-15.046434027777778
 20
1.5864483024691358
 10
-15.188666666666668
 20
1.670666666666667
 10
-15.329427083333334
 20
1.759162808641975
 10
-15.468694444444445
 20
1.8520802469135806
 10
-15.606447916666667
 20
1.9495624999999996
 10
-15.742666666666668
 20
2.0517530864197533
 10
-15.87732986111111
 20
2.1587955246913575
 10
-16.010416666666668
 20
2.270833333333333
 10
-16.141906249999998
 20
2.388010030864197
 10
-16.27177777777778
 20
2.510469135802469
 10
-16.400010416666674
 20
2.6383541666666672
 10
-16.526583333333335
 20
2.771808641975308
 10
-16.65147569444444
 20
2.9109760802469125
 10
-16.774666666666672
 20
3.056
 10
-16.89613541666667
 20
3.207023919753087
 10
-17.01586111111111
 20
3.3641913580246907
 10
-17.13382291666667
 20
3.527645833333333
 10
-17.250000000000004
 20
3.6975308641975317
 10
-17.364371527777777
 20
3.8739899691358026
 10
-17.476916666666664
 20
4.057166666666665
 10
-17.587614583333334
 20
4.247204475308642
 10
-17.69644444444445
 20
4.444246913580248
 10
-17.803385416666668
 20
4.6484375
 10
-17.908416666666664
 20
4.859919753086418
 10
-18.011517361111114
 20
5.078837191358025
 10
-18.112666666666673
 20
5.3053333333333335
 10
-18.21184375
 20
5.539551697530864
 10
-18.30902777777778
 20
5.781635802469137
 10
-18.404197916666664
 20
6.031729166666666
 10
-18.497333333333337
 20
6.289975308641976
 10
-18.588413194444442
 20
6.556517746913579
 10
-18.67741666666667
 20
6.8315
 10
-18.764322916666664
 20
7.115065586419751
 10
-18.849111111111114
 20
7.407358024691359
 10
-18.931760416666666
 20
7.708520833333332
 10
-19.012249999999998
 20
8.018697530864197
 10
-19.090559027777775
 20
8.338031635802468
 10
-19.166666666666668
 20
8.666666666666666
 10
-19.24056188271605
 20
9.004713734567902
 10
-19.31227283950617
 20
9.352154320987653
 10
-19.381837500000003
 20
9.708937500000001
 10
-19.449293827160496
 20
10.075012345679013
 10
-19.51467978395062
 20
10.450327932098766
 10
-19.578033333333334
 20
10.834833333333332
 10
-19.639392438271607
 20
11.22847762345679
 10
-19.698795061728397
 20
11.63120987654321
 10
-19.756279166666666
 20
12.042979166666665
 10
-19.811882716049386
 20
12.463734567901234
 10
-19.86564367283951
 20
12.893425154320989
 10
-19.917600000000004
 20
13.332
 10
-19.96778966049383
 20
13.779408179012346
 10
-20.01625061728395
 20
14.235598765432098
 10
-20.063020833333333
 20
14.700520833333332
 10
-20.108138271604936
 20
15.174123456790124
 10
-20.15164089506173
 20
15.656355709876545
 10
-20.19356666666667
 20
16.147166666666667
 10
-20.233953549382715
 20
16.646505401234567
 10
-20.272839506172836
 20
17.154320987654323
 10
-20.3102625
 20
17.670562499999996
 10
-20.346260493827163
 20
18.19517901234568
 10
-20.38087145061729
 20
18.72811959876543
 10
-20.414133333333336
 20
19.269333333333336
 10
-20.446084104938276
 20
19.818769290123456
 10
-20.47676172839506
 20
20.37637654320988
 10
-20.50620416666667
 20
20.94210416666667
 10
-20.534449382716048
 20
21.515901234567902
 10
-20.56153533950617
 20
22.097716820987653
 10
-20.5875
 20
22.6875
 10
-20.612381327160488
 20
23.285199845679006
 10
-20.636217283950618
 20
23.890765432098767
 10
-20.659045833333337
 20
24.504145833333343
 10
-20.680904938271603
 20
25.12529012345679
 10
-20.701832561728395
 20
25.754147376543205
 10
-20.721866666666667
 20
26.390666666666668
 10
-20.741045216049386
 20
27.034797067901245
 10
-20.759406172839505
 20
27.68648765432098
 10
-20.776987499999997
 20
28.3456875
 10
-20.79382716049383
 20
29.012345679012352
 10
-20.809963117283953
 20
29.6864112654321
 10
-20.825433333333326
 20
30.367833333333323
 10
-20.840275771604936
 20
31.056560956790126
 10
-20.854528395061735
 20
31.752543209876556
 10
-20.86822916666667
 20
32.455729166666664
 10
-20.881416049382715
 20
33.16606790123457
 10
-20.89412700617284
 20
33.883508487654325
 10
-20.90640000000001
 20
34.60800000000001
 10
-20.918272993827156
 20
35.33949151234568
 10
-20.92978395061729
 20
36.077932098765444
 10
-20.94097083333333
 20
36.82327083333333
 10
-20.951871604938276
 20
37.57545679012347
 10
-20.962524228395065
 20
38.334439043209876
 10
-20.972966666666668
 20
39.10016666666668
 10
-20.983236882716053
 20
39.872588734567906
 10
-20.99337283950618
 20
40.65165432098766
 10
-21.0034125
 20
41.437312500000004
 10
-21.013393827160492
 20
42.22951234567901
 10
-21.023354783950616
 20
43.028202932098765
 10
-21.033333333333335
 20
43.833333333333336
 10
-21.043360802469138
 20
44.64484336419754
 10
-21.05344197530864
 20
45.46263580246913
 10
-21.063575
 20
46.28660416666667
 10
-21.07375802469136
 20
47.11664197530864
 10
-21.08398919753087
 20
47.95264274691358
 10
-21.09426666666667
 20
48.7945
 10
-21.104588580246915
 20
49.64210725308642
 10
-21.114953086419757
 20
50.495358024691356
 10
-21.125358333333335
 20
51.354145833333334
 10
-21.135802469135804
 20
52.21836419753087
 10
-21.14628364197531
 20
53.08790663580247
 10
-21.156800000000004
 20
53.96266666666667
 10
-21.167349691358027
 20
54.84253780864198
 10
-21.17793086419753
 20
55.72741358024691
 10
-21.18854166666667
 20
56.6171875
 10
-21.199180246913578
 20
57.51175308641975
 10
-21.20984475308642
 20
58.4110038580247
 10
-21.220533333333336
 20
59.31483333333333
 10
-21.23124413580247
 20
60.2231350308642
 10
-21.241975308641976
 20
61.135802469135804
 10
-21.252724999999998
 20
62.052729166666666
 10
-21.26349135802469
 20
62.97380864197532
 10
-21.2742725308642
 20
63.89893441358025
 10
-21.28506666666667
 20
64.828
 10
-21.29587191358025
 20
65.76089891975309
 10
-21.30668641975309
 20
66.69752469135801
 10
-21.31750833333334
 20
67.63777083333333
 10
-21.328335802469137
 20
68.58153086419753
 10
-21.339166975308643
 20
69.52869830246914
 10
-21.35
 20
70.47916666666667
 10
-21.360833024691352
 20
71.43282947530862
 10
-21.371664197530865
 20
72.38958024691358
 10
-21.382491666666674
 20
73.34931250000002
 10
-21.393313580246915
 20
74.31191975308641
 10
-21.404128086419753
 20
75.27729552469134
 10
-21.414933333333337
 20
76.24533333333333
 10
-21.425727469135808
 20
77.21592669753088
 10
-21.436508641975305
 20
78.18896913580244
 10
-21.447275000000005
 20
79.16435416666667
 10
-21.458024691358027
 20
80.14197530864197
 10
-21.46875586419753
 20
81.12172608024692
 10
-21.479466666666667
 20
82.10349999999998
 10
-21.490155246913584
 20
83.08719058641977
 10
-21.500819753086432
 20
84.07269135802471
 10
-21.51145833333333
 20
85.05989583333333
 10
-21.52206913580247
 20
86.04869753086419
 10
-21.532650308641976
 20
87.0389899691358
 10
-21.54320000000001
 20
88.03066666666669
 10
-21.553716358024694
 20
89.02362114197531
 10
-21.564197530864202
 20
90.01774691358025
 10
-21.57464166666667
 20
91.01293749999998
 10
-21.58504691358025
 20
92.00908641975309
 10
-21.59541141975308
 20
93.00608719135802
 10
-21.605733333333337
 20
94.00383333333335
 10
-21.616010802469138
 20
95.00221836419752
 10
-21.62624197530865
 20
96.00113580246916
 10
-21.636424999999996
 20
97.00047916666664
 10
-21.64655802469136
 20
98.00014197530864
 10
-21.65663919753086
 20
99.00001774691356
 10
-21.666666666666668
 20
100.0
 10
-21.676638580246916
 20
100.99997222222223
 10
-21.686553086419753
 20
101.99977777777777
 10
-21.696408333333334
 20
102.99924999999999
 10
-21.706202469135803
 20
103.99822222222224
 10
-21.715933641975308
 20
104.99652777777777
 10
-21.7256
 20
105.994
 10
-21.735199691358023
 20
106.99047222222222
 10
-21.744730864197532
 20
107.98577777777777
 10
-21.754191666666664
 20
108.97975
 10
-21.763580246913584
 20
109.97222222222223
 10
-21.77289475308642
 20
110.9630277777778
 10
-21.782133333333334
 20
111.952
 10
-21.791294135802467
 20
112.93897222222222
 10
-21.800375308641975
 20
113.92377777777777
 10
-21.809374999999996
 20
114.90625
 10
-21.818291358024688
 20
115.88622222222222
 10
-21.827122530864195
 20
116.86352777777779
 10
-21.835866666666664
 20
117.838
 10
-21.844521913580245
 20
118.80947222222221
 10
-21.853086419753083
 20
119.77777777777777
 10
-21.86155833333333
 20
120.74275
 10
-21.869935802469136
 20
121.70422222222221
 10
-21.878216975308643
 20
122.66202777777778
 10
-21.886400000000002
 20
123.61600000000001
 10
-21.89448302469136
 20
124.56597222222223
 10
-21.90246419753086
 20
125.51177777777777
 10
-21.910341666666667
 20
126.45325000000001
 10
-21.918113580246914
 20
127.3902222222222
 10
-21.92577808641975
 20
128.32252777777776
 10
-21.93333333333333
 20
129.25
 10
-21.940777469135792
 20
130.17247222222218
 10
-21.94810864197531
 20
131.08977777777778
 10
-21.955325000000006
 20
132.00175000000004
 10
-21.962424691358024
 20
132.9082222222222
 10
-21.969405864197526
 20
133.80902777777774
 10
-21.976266666666664
 20
134.704
 10
-21.983005246913585
 20
135.59297222222224
 10
-21.989619753086412
 20
136.47577777777775
 10
-21.996108333333332
 20
137.35225
 10
-22.002469135802468
 20
138.22222222222223
 10
-22.008700308641973
 20
139.08552777777777
 10
-22.014799999999997
 20
139.94199999999998
 10
-22.02076635802469
 20
140.79147222222224
 10
-22.0265975308642
 20
141.63377777777782
 10
-22.032291666666666
 20
142.46875
 10
-22.037846913580243
 20
143.29622222222218
 10
-22.043261419753083
 20
144.1160277777778
 10
-22.048533333333335
 20
144.92800000000005
 10
-22.053660802469132
 20
145.7319722222222
 10
-22.058641975308646
 20
146.5277777777778
 10
-22.063474999999997
 20
147.31524999999996
 10
-22.068158024691357
 20
148.09422222222221
 10
-22.07268919753086
 20
148.86452777777774
 10
-22.077066666666667
 20
149.62600000000003
 10
-22.08128858024691
 20
150.3784722222222
 10
-22.08535308641975
 20
151.1217777777778
 10
-22.08925833333333
 20
151.85574999999997
 10
-22.0930024691358
 20
152.5802222222222
 10
-22.0965836419753
 20
153.29502777777773
 10
-22.099999999999998
 20
154.0
 10
-22.10325111882716
 20
154.69502391975308
 10
-22.106342283950617
 20
155.3801913580247
 10
-22.10928020833333
 20
156.05564583333333
 10
-22.112071604938272
 20
156.72153086419755
 10
-22.114723186728394
 20
157.3779899691358
 10
-22.117241666666665
 20
158.02516666666668
 10
-22.11963375771605
 20
158.66320447530865
 10
-22.121906172839505
 20
159.29224691358024
 10
-22.124065625
 20
159.91243749999998
 10
-22.126118827160496
 20
160.52391975308643
 10
-22.128072492283952
 20
161.12683719135805
 10
-22.129933333333334
 20
161.72133333333335
 10
-22.131708063271603
 20
162.30755169753087
 10
-22.133403395061727
 20
162.88563580246915
 10
-22.135026041666666
 20
163.45572916666669
 10
-22.136582716049382
 20
164.01797530864195
 10
-22.13808013117284
 20
164.57251774691358
 10
-22.139525
 20
165.1195
 10
-22.140924035493825
 20
165.65906558641973
 10
-22.142283950617283
 20
166.19135802469134
 10
-22.143611458333332
 20
166.71652083333333
 10
-22.14491327160494
 20
167.2346975308642
 10
-22.146196103395063
 20
167.7460316358025
 10
-22.14746666666667
 20
168.2506666666667
 10
-22.148731674382717
 20
168.74874614197532
 10
-22.149997839506174
 20
169.24041358024692
 10
-22.151271875
 20
169.72581250000002
 10
-22.15256049382716
 20
170.2050864197531
 10
-22.153870408950613
 20
170.67837885802467
 10
-22.15520833333333
 20
171.14583333333331
 10
-22.156580979938266
 20
171.6075933641975
 10
-22.157995061728396
 20
172.0638024691358
 10
-22.159457291666676
 20
172.51460416666671
 10
-22.160974382716052
 20
172.96014197530863
 10
-22.162553047839502
 20
173.4005594135802
 10
-22.1642
 20
173.836
 10
-22.1659219521605
 20
174.26660725308648
 10
-22.167725617283946
 20
174.692524691358
 10
-22.169617708333334
 20
175.11389583333332
 10
-22.17160493827161
 20
175.5308641975309
 10
-22.173694020061728
 20
175.94357330246913
 10
-22.17589166666666
 20
176.35216666666665
 10
-22.178204591049383
 20
176.75678780864195
 10
-22.18063950617285
 20
177.15758024691362
 10
-22.183203125
 20
177.5546875
 10
-22.185902160493825
 20
177.94825308641973
 10
-22.188743325617285
 20
178.33842052469137
 10
-22.19173333333334
 20
178.72533333333337
 10
-22.194878896604934
 20
179.10913503086417
 10
-22.19818672839506
 20
179.48996913580248
 10
-22.20166354166666
 20
179.86797916666663
 10
-22.205316049382716
 20
180.24330864197532
 10
-22.20915096450617
 20
180.61610108024686
 10
-22.213175000000003
 20
180.9865
 10
-22.217394868827157
 20
181.3546489197531
 10
-22.221817283950617
 20
181.72069135802468
 10
-22.22644895833333
 20
182.0847708333333
 10
-22.231296604938265
 20
182.44703086419753
 10
-22.236366936728388
 20
182.80761496913576
 10
-22.241666666666664
 20
183.16666666666666
 10
-22.247208757716045
 20
183.52431095679012
 10
-22.253031172839503
 20
183.88059876543207
 10
-22.259178125
 20
184.2355625
 10
-22.265693827160494
 20
184.58923456790126
 10
-22.27262249228395
 20
184.9416473765432
 10
-22.280008333333335
 20
185.29283333333333
 10
-22.287895563271604
 20
185.642824845679
 10
-22.296328395061728
 20
185.99165432098766
 10
-22.305351041666665
 20
186.33935416666665
 10
-22.315007716049386
 20
186.68595679012347
 10
-22.325342631172838
 20
187.03149459876545
 10
-22.336400000000005
 20
187.37600000000003
 10
-22.34822403549383
 20
187.71950540123458
 10
-22.360858950617285
 20
188.06204320987655
 10
-22.374348958333336
 20
188.40364583333331
 10
-22.38873827160494
 20
188.74434567901233
 10
-22.40407110339506
 20
189.08417515432097
 10
-22.420391666666667
 20
189.42316666666665
 10
-22.43774417438272
 20
189.7613526234568
 10
-22.450778512357637
 20
190.0
 10
22.450778512357637
 20
190.0
 10
22.43774417438272
 20
189.7613526234568
 10
22.420391666666667
 20
189.42316666666662
 10
22.40407110339506
 20
189.08417515432097
 10
22.388738271604947
 20
188.74434567901238
 10
22.37434895833334
 20
188.40364583333334
 10
22.360858950617285
 20
188.06204320987652
 10
22.348224035493836
 20
187.71950540123456
 10
22.336400000000012
 20
187.37600000000003
 10
22.325342631172845
 20
187.03149459876542
 10
22.31500771604939
 20
186.6859567901235
 10
22.30535104166667
 20
186.33935416666665
 10
22.29632839506174
 20
185.9916543209877
 10
22.287895563271604
 20
185.64282484567897
 10
22.28000833333334
 20
185.29283333333336
 10
22.272622492283954
 20
184.9416473765432
 10
22.2656938271605
 20
184.58923456790123
 10
22.259178125000002
 20
184.2355625
 10
22.253031172839506
 20
183.88059876543207
 10
22.24720875771605
 20
183.52431095679012
 10
22.24166666666667
 20
183.16666666666666
 10
22.2363669367284
 20
182.8076149691358
 10
22.231296604938272
 20
182.4470308641975
 10
22.22644895833334
 20
182.08477083333332
 10
22.22181728395062
 20
181.72069135802468
 10
22.217394868827164
 20
181.3546489197531
 10
22.213175000000003
 20
180.9865
 10
22.209150964506176
 20
180.6161010802469
 10
22.20531604938272
 20
180.24330864197532
 10
22.20166354166667
 20
179.86797916666666
 10
22.19818672839507
 20
179.48996913580248
 10
22.194878896604944
 20
179.1091350308642
 10
22.19173333333334
 20
178.72533333333334
 10
22.18874332561729
 20
178.33842052469134
 10
22.185902160493832
 20
177.94825308641973
 10
22.183203125000006
 20
177.5546875
 10
22.18063950617284
 20
177.15758024691357
 10
22.178204591049386
 20
176.75678780864195
 10
22.17589166666667
 20
176.35216666666668
 10
22.17369402006173
 20
175.94357330246913
 10
22.171604938271606
 20
175.53086419753083
 10
22.169617708333337
 20
175.11389583333332
 10
22.167725617283953
 20
174.69252469135802
 10
22.1659219521605
 20
174.26660725308642
 10
22.1642
 20
173.836
 10
22.16255304783951
 20
173.40055941358025
 10
22.160974382716052
 20
172.96014197530863
 10
22.159457291666673
 20
172.5146041666667
 10
22.157995061728393
 20
172.0638024691358
 10
22.156580979938276
 20
171.60759336419753
 10
22.155208333333334
 20
171.14583333333334
 10
22.153870408950613
 20
170.67837885802467
 10
22.15256049382716
 20
170.20508641975312
 10
22.151271875000006
 20
169.72581250000002
 10
22.149997839506174
 20
169.24041358024692
 10
22.148731674382713
 20
168.74874614197526
 10
22.14746666666667
 20
168.2506666666667
 10
22.146196103395067
 20
167.74603163580252
 10
22.144913271604935
 20
167.23469753086414
 10
22.143611458333332
 20
166.71652083333333
 10
22.142283950617283
 20
166.19135802469137
 10
22.140924035493825
 20
165.65906558641976
 10
22.139524999999995
 20
165.1195
 10
22.13808013117284
 20
164.57251774691358
 10
22.136582716049386
 20
164.01797530864204
 10
22.135026041666663
 20
163.45572916666666
 10
22.133403395061723
 20
162.88563580246912
 10
22.131708063271603
 20
162.30755169753087
 10
22.129933333333337
 20
161.72133333333335
 10
22.12807249228395
 20
161.12683719135802
 10
22.126118827160496
 20
160.52391975308643
 10
22.124065624999997
 20
159.91243749999998
 10
22.121906172839513
 20
159.29224691358027
 10
22.119633757716045
 20
158.66320447530865
 10
22.11724166666667
 20
158.0251666666667
 10
22.11472318672839
 20
157.3779899691358
 10
22.112071604938272
 20
156.72153086419752
 10
22.109280208333328
 20
156.0556458333333
 10
22.106342283950614
 20
155.3801913580247
 10
22.103251118827156
 20
154.69502391975305
 10
22.099999999999998
 20
154.0
 10
22.096583641975307
 20
153.29502777777776
 10
22.0930024691358
 20
152.5802222222222
 10
22.089258333333333
 20
151.85575
 10
22.08535308641975
 20
151.1217777777778
 10
22.081288580246913
 20
150.37847222222223
 10
22.077066666666667
 20
149.626
 10
22.072689197530863
 20
148.86452777777777
 10
22.068158024691357
 20
148.09422222222224
 10
22.063474999999997
 20
147.31525
 10
22.05864197530864
 20
146.5277777777778
 10
22.053660802469135
 20
145.73197222222223
 10
22.04853333333333
 20
144.928
 10
22.043261419753083
 20
144.1160277777778
 10
22.037846913580246
 20
143.29622222222224
 10
22.032291666666666
 20
142.46875
 10
22.026597530864194
 20
141.63377777777777
 10
22.020766358024687
 20
140.7914722222222
 10
22.014799999999997
 20
139.942
 10
22.008700308641973
 20
139.08552777777777
 10
22.002469135802464
 20
138.22222222222223
 10
21.996108333333332
 20
137.35225
 10
21.98961975308642
 20
136.47577777777778
 10
21.983005246913578
 20
135.59297222222224
 10
21.976266666666664
 20
134.704
 10
21.969405864197533
 20
133.8090277777778
 10
21.96242469135802
 20
132.90822222222224
 10
21.955325
 20
132.00175000000002
 10
21.94810864197531
 20
131.08977777777778
 10
21.9407774691358
 20
130.1724722222222
 10
21.933333333333334
 20
129.25
 10
21.925778086419744
 20
128.32252777777774
 10
21.91811358024691
 20
127.39022222222222
 10
21.910341666666667
 20
126.45325000000003
 10
21.90246419753086
 20
125.51177777777777
 10
21.89448302469135
 20
124.5659722222222
 10
21.886400000000002
 20
123.61600000000001
 10
21.878216975308646
 20
122.66202777777781
 10
21.86993580246913
 20
121.70422222222219
 10
21.86155833333333
 20
120.74275000000002
 10
21.85308641975309
 20
119.7777777777778
 10
21.844521913580245
 20
118.80947222222221
 10
21.83586666666666
 20
117.83799999999997
 10
21.827122530864198
 20
116.86352777777779
 10
21.818291358024698
 20
115.88622222222226
 10
21.809374999999996
 20
114.90625
 10
21.800375308641975
 20
113.92377777777777
 10
21.79129413580247
 20
112.93897222222223
 10
21.78213333333334
 20
111.95200000000003
 10
21.772894753086415
 20
110.96302777777778
 10
21.763580246913584
 20
109.97222222222223
 10
21.754191666666664
 20
108.97974999999998
 10
21.744730864197532
 20
107.98577777777778
 10
21.73519969135802
 20
106.99047222222221
 10
21.7256
 20
105.994
 10
21.715933641975305
 20
104.99652777777776
 10
21.706202469135803
 20
103.99822222222224
 10
21.69640833333333
 20
102.99924999999999
 10
21.686553086419753
 20
101.99977777777778
 10
21.676638580246912
 20
100.99997222222221
 10
21.666666666666668
 20
100.0
 10
21.656639197530865
 20
99.00001774691358
 10
21.64655802469136
 20
98.00014197530864
 10
21.636425000000003
 20
97.00047916666666
 10
21.626241975308645
 20
96.00113580246915
 10
21.616010802469138
 20
95.00221836419752
 10
21.605733333333337
 20
94.00383333333333
 10
21.595411419753084
 20
93.00608719135802
 10
21.58504691358025
 20
92.00908641975309
 10
21.574641666666665
 20
91.01293749999999
 10
21.5641975308642
 20
90.01774691358025
 10
21.553716358024694
 20
89.02362114197531
 10
21.543200000000006
 20
88.03066666666668
 10
21.532650308641976
 20
87.0389899691358
 10
21.522069135802468
 20
86.04869753086419
 10
21.511458333333334
 20
85.05989583333334
 10
21.500819753086418
 20
84.07269135802468
 10
21.49015524691358
 20
83.08719058641975
 10
21.479466666666667
 20
82.1035
 10
21.468755864197533
 20
81.12172608024692
 10
21.458024691358027
 20
80.14197530864197
 10
21.447275
 20
79.16435416666667
 10
21.436508641975312
 20
78.18896913580247
 10
21.425727469135804
 20
77.21592669753088
 10
21.414933333333337
 20
76.24533333333333
 10
21.40412808641976
 20
75.27729552469137
 10
21.39331358024691
 20
74.31191975308641
 10
21.38249166666667
 20
73.34931250000001
 10
21.371664197530865
 20
72.38958024691358
 10
21.36083302469136
 20
71.43282947530864
 10
21.349999999999998
 20
70.47916666666667
 10
21.33916697530864
 20
69.52869830246912
 10
21.32833580246914
 20
68.58153086419753
 10
21.31750833333334
 20
67.63777083333335
 10
21.30668641975309
 20
66.69752469135801
 10
21.295871913580246
 20
65.76089891975309
 10
21.28506666666667
 20
64.82800000000002
 10
21.274272530864202
 20
63.89893441358026
 10
21.263491358024687
 20
62.973808641975296
 10
21.252725
 20
62.052729166666666
 10
21.241975308641976
 20
61.13580246913581
 10
21.23124413580247
 20
60.22313503086419
 10
21.22053333333333
 20
59.314833333333326
 10
21.20984475308642
 20
58.411003858024685
 10
21.199180246913585
 20
57.511753086419766
 10
21.188541666666673
 20
56.6171875
 10
21.177930864197528
 20
55.72741358024692
 10
21.167349691358027
 20
54.84253780864197
 10
21.156800000000004
 20
53.96266666666668
 10
21.14628364197531
 20
53.08790663580247
 10
21.135802469135808
 20
52.218364197530875
 10
21.12535833333333
 20
51.35414583333333
 10
21.114953086419757
 20
50.49535802469136
 10
21.104588580246915
 20
49.642107253086415
 10
21.09426666666667
 20
48.79450000000001
 10
21.083989197530865
 20
47.95264274691358
 10
21.07375802469136
 20
47.116641975308646
 10
21.063575
 20
46.28660416666667
 10
21.05344197530864
 20
45.46263580246914
 10
21.043360802469135
 20
44.64484336419753
 10
21.033333333333335
 20
43.833333333333336
 10
21.02335478395062
 20
43.028202932098765
 10
21.013393827160492
 20
42.22951234567901
 10
21.0034125
 20
41.437312500000004
 10
20.993372839506176
 20
40.65165432098766
 10
20.983236882716053
 20
39.872588734567906
 10
20.972966666666668
 20
39.100166666666674
 10
20.96252422839506
 20
38.334439043209876
 10
20.951871604938272
 20
37.57545679012346
 10
20.94097083333333
 20
36.82327083333333
 10
20.929783950617285
 20
36.07793209876544
 10
20.91827299382716
 20
35.33949151234568
 10
20.906400000000005
 20
34.608000000000004
 10
20.894127006172837
 20
33.883508487654325
 10
20.881416049382715
 20
33.16606790123457
 10
20.868229166666666
 20
32.455729166666664
 10
20.854528395061728
 20
31.752543209876542
 10
20.840275771604936
 20
31.056560956790126
 10
20.825433333333333
 20
30.36783333333333
 10
20.80996311728395
 20
29.6864112654321
 10
20.793827160493827
 20
29.01234567901234
 10
20.776987499999997
 20
28.345687500000004
 10
20.75940617283951
 20
27.68648765432099
 10
20.741045216049386
 20
27.034797067901238
 10
20.721866666666667
 20
26.390666666666668
 10
20.701832561728395
 20
25.754147376543216
 10
20.680904938271603
 20
25.125290123456793
 10
20.659045833333334
 20
24.50414583333334
 10
20.636217283950618
 20
23.890765432098764
 10
20.61238132716049
 20
23.285199845679017
 10
20.587500000000002
 20
22.6875
 10
20.561535339506165
 20
22.09771682098765
 10
20.53444938271605
 20
21.515901234567906
 10
20.50620416666667
 20
20.94210416666667
 10
20.47676172839506
 20
20.37637654320988
 10
20.446084104938272
 20
19.818769290123452
 10
20.414133333333336
 20
19.269333333333336
 10
20.380871450617292
 20
18.728119598765435
 10
20.346260493827156
 20
18.195179012345676
 10
20.3102625
 20
17.6705625
 10
20.27283950617284
 20
17.154320987654323
 10
20.233953549382715
 20
16.646505401234567
 10
20.193566666666666
 20
16.147166666666664
 10
20.15164089506173
 20
15.656355709876543
 10
20.108138271604947
 20
15.174123456790127
 10
20.063020833333333
 20
14.700520833333334
 10
20.016250617283955
 20
14.235598765432098
 10
19.967789660493832
 20
13.779408179012348
 10
19.917600000000007
 20
13.332000000000004
 10
19.86564367283951
 20
12.893425154320987
 10
19.811882716049386
 20
12.463734567901234
 10
19.756279166666666
 20
12.042979166666665
 10
19.698795061728397
 20
11.631209876543211
 10
19.639392438271603
 20
11.228477623456788
 10
19.578033333333334
 20
10.834833333333334
 10
19.51467978395062
 20
10.450327932098762
 10
19.4492938271605
 20
10.075012345679013
 10
19.3818375
 20
9.7089375
 10
19.31227283950617
 20
9.352154320987655
 10
19.240561882716047
 20
9.0047137345679
 10
19.166666666666668
 20
8.666666666666666
 10
19.09055902777778
 20
8.338031635802468
 10
19.012249999999998
 20
8.018697530864197
 10
18.93176041666667
 20
7.708520833333332
 10
18.849111111111114
 20
7.407358024691359
 10
18.764322916666668
 20
7.115065586419751
 10
18.677416666666666
 20
6.8315
 10
18.588413194444442
 20
6.556517746913579
 10
18.497333333333337
 20
6.289975308641976
 10
18.404197916666668
 20
6.031729166666666
 10
18.309027777777782
 20
5.781635802469136
 10
18.211843750000003
 20
5.5395516975308645
 10
18.11266666666667
 20
5.305333333333334
 10
18.01151736111111
 20
5.078837191358025
 10
17.908416666666668
 20
4.85991975308642
 10
17.803385416666668
 20
4.6484375
 10
17.696444444444445
 20
4.444246913580246
 10
17.587614583333334
 20
4.247204475308642
 10
17.476916666666668
 20
4.0571666666666655
 10
17.364371527777777
 20
3.8739899691358026
 10
17.25
 20
3.69753086419753
 10
17.13382291666667
 20
3.527645833333333
 10
17.015861111111114
 20
3.3641913580246907
 10
16.896135416666667
 20
3.2070239197530865
 10
16.77466666666667
 20
3.056
 10
16.651475694444446
 20
2.910976080246914
 10
16.526583333333335
 20
2.771808641975308
 10
16.40001041666667
 20
2.638354166666667
 10
16.27177777777778
 20
2.5104691358024693
 10
16.14190625
 20
2.388010030864198
 10
16.010416666666664
 20
2.270833333333333
 10
15.877329861111107
 20
2.1587955246913575
 10
15.742666666666668
 20
2.0517530864197533
 10
15.60644791666667
 20
1.9495625000000003
 10
15.468694444444445
 20
1.8520802469135802
 10
15.329427083333332
 20
1.759162808641975
 10
15.188666666666668
 20
1.670666666666667
 10
15.046434027777783
 20
1.586448302469136
 10
14.902749999999997
 20
1.5063641975308637
 10
14.757635416666668
 20
1.4302708333333332
 10
14.611111111111112
 20
1.3580246913580247
 10
14.463197916666665
 20
1.2894822530864196
 10
14.313916666666664
 20
1.2244999999999997
 10
14.163288194444442
 20
1.1629344135802469
 10
14.011333333333338
 20
1.1046419753086423
 10
13.858072916666666
 20
1.0494791666666667
 10
13.703527777777778
 20
0.9973024691358024
 10
13.547718750000001
 20
0.9479683641975309
 10
13.390666666666673
 20
0.9013333333333335
 10
13.232392361111112
 20
0.8572538580246915
 10
13.072916666666668
 20
0.8155864197530864
 10
12.912260416666664
 20
0.7761874999999999
 10
12.750444444444444
 20
0.7389135802469137
 10
12.587489583333332
 20
0.7036211419753086
 10
12.423416666666668
 20
0.6701666666666668
 10
12.258246527777779
 20
0.638406635802469
 10
12.092
 20
0.6081975308641975
 10
11.924697916666664
 20
0.5793958333333332
 10
11.756361111111111
 20
0.551858024691358
 10
11.587010416666663
 20
0.525440586419753
 10
11.416666666666666
 20
0.5
  0
TEXT
  5
105
330
17
100
AcDbEntity
  8
ANNOTATIONS
100
AcDbText
 10
140.0
 20
440.0
 30
0.0
 40
4.0
  1
MOOSE TEARDROP PADEL PROFILE - UNITS MM - SCALE 1:1
100
AcDbText
  0
TEXT
  5
106
330
17
100
AcDbEntity
  8
ANNOTATIONS
100
AcDbText
 10
140.0
 20
430.0
 30
0.0
 40
4.0
  1
TOTAL 453.0 (FIP MAX 455) / HEAD WIDTH 257.0 (MAX 260)
100
AcDbText
  0
TEXT
  5
107
330
17
100
AcDbEntity
  8
ANNOTATIONS
100
AcDbText
 10
140.0
 20
420.0
 30
0.0
 40
4.0
  1
HANDLE 190 LONG (MAX 200), 44.9 AT THROAT (MAX 50)
100
AcDbText
  0
TEXT
  5
108
330
17
100
AcDbEntity
  8
ANNOTATIONS
100
AcDbText
 10
140.0
 20
410.0
 30
0.0
 40
4.0
  1
114 HOLES DIA 11 CYLINDRICAL, HEX PITCH 17.5 / 16 IN SWEET ZONE
100
AcDbText
  0
TEXT
  5
109
330
17
100
AcDbEntity
  8
ANNOTATIONS
100
AcDbText
 10
140.0
 20
400.0
 30
0.0
 40
4.0
  1
BRIDGE CUTOUTS: SUBTRACT FROM OUTLINE; BREAK MOUTH CORNERS R3 MIN
100
AcDbText
  0
TEXT
  5
10A
330
17
100
AcDbEntity
  8
ANNOTATIONS
100
AcDbText
 10
140.0
 20
390.0
 30
0.0
 40
4.0
  1
NO HOLES WITHIN 10 MM OF OUTLINE (BUMPER CHANNEL BAND)
100
AcDbText
  0
TEXT
  5
10B
330
17
100
AcDbEntity
  8
ANNOTATIONS
100
AcDbText
 10
140.0
 20
380.0
 30
0.0
 40
4.0
  1
THICKNESS 38 MM (NOT MODELLED IN 2D)
100
AcDbText
  0
ENDSEC
  0
SECTION
  2
OBJECTS
  0
DICTIONARY
  5
A
330
0
100
AcDbDictionary
281
1
  3
ACAD_COLOR
350
B
  3
ACAD_GROUP
350
C
  3
ACAD_LAYOUT
350
D
  3
ACAD_MATERIAL
350
E
  3
ACAD_MLEADERSTYLE
350
F
  3
ACAD_MLINESTYLE
350
10
  3
ACAD_PLOTSETTINGS
350
11
  3
ACAD_PLOTSTYLENAME
350
12
  3
ACAD_SCALELIST
350
14
  3
ACAD_TABLESTYLE
350
15
  3
ACAD_VISUALSTYLE
350
16
  3
EZDXF_META
350
2D
  0
DICTIONARY
  5
B
330
A
100
AcDbDictionary
281
1
  0
DICTIONARY
  5
C
330
A
100
AcDbDictionary
281
1
  0
DICTIONARY
  5
D
330
A
100
AcDbDictionary
281
1
  3
Model
350
1A
  3
Layout1
350
1E
  0
DICTIONARY
  5
E
330
A
100
AcDbDictionary
281
1
  3
ByBlock
350
1F
  3
ByLayer
350
20
  3
Global
350
21
  0
DICTIONARY
  5
F
330
A
100
AcDbDictionary
281
1
  3
Standard
350
2C
  0
DICTIONARY
  5
10
330
A
100
AcDbDictionary
281
1
  3
Standard
350
22
  0
DICTIONARY
  5
11
330
A
100
AcDbDictionary
281
1
  0
ACDBDICTIONARYWDFLT
  5
12
330
A
100
AcDbDictionary
281
1
  3
Normal
350
13
100
AcDbDictionaryWithDefault
340
13
  0
ACDBPLACEHOLDER
  5
13
330
12
  0
DICTIONARY
  5
14
330
A
100
AcDbDictionary
281
1
  0
DICTIONARY
  5
15
330
A
100
AcDbDictionary
281
1
  0
DICTIONARY
  5
16
330
A
100
AcDbDictionary
281
1
  3
2dWireframe
350
5A
  3
Basic
350
5B
  3
Brighten
350
5C
  3
ColorChange
350
5D
  3
Conceptual
350
5E
  3
Dim
350
5F
  3
EdgeColorOff
350
60
  3
Facepattern
350
61
  3
Flat
350
62
  3
FlatWithEdges
350
63
  3
Gouraud
350
64
  3
GouraudWithEdges
350
65
  3
Hidden
350
66
  3
JitterOff
350
67
  3
Linepattern
350
68
  3
Modeling
350
69
  3
OverhangOff
350
6A
  3
Realistic
350
6B
  3
Shaded
350
6C
  3
Shaded with edges
350
6D
  3
Shades of Gray
350
6E
  3
Sketchy
350
6F
  3
Thicken
350
70
  3
Wireframe
350
71
  3
X-Ray
350
72
  0
LAYOUT
  5
1A
330
D
100
AcDbPlotSettings
  1

  4
A3
  6

 40
7.5
 41
20.0
 42
7.5
 43
20.0
 44
420.0
 45
297.0
 46
0.0
 47
0.0
 48
0.0
 49
0.0
140
0.0
141
0.0
142
1.0
143
1.0
 70
1024
 72
1
 73
0
 74
5
  7

 75
16
 76
0
 77
2
 78
300
147
1.0
148
0.0
149
0.0
100
AcDbLayout
  1
Model
 70
1
 71
0
 10
0.0
 20
0.0
 11
420.0
 21
297.0
 12
0.0
 22
0.0
 32
0.0
 14
1e+20
 24
1e+20
 34
1e+20
 15
-1e+20
 25
-1e+20
 35
-1e+20
146
0.0
 13
0.0
 23
0.0
 33
0.0
 16
1.0
 26
0.0
 36
0.0
 17
0.0
 27
1.0
 37
0.0
 76
1
330
17
  0
LAYOUT
  5
1E
330
D
100
AcDbPlotSettings
  1

  4
A3
  6

 40
7.5
 41
20.0
 42
7.5
 43
20.0
 44
420.0
 45
297.0
 46
0.0
 47
0.0
 48
0.0
 49
0.0
140
0.0
141
0.0
142
1.0
143
1.0
 70
0
 72
1
 73
0
 74
5
  7

 75
16
 76
0
 77
2
 78
300
147
1.0
148
0.0
149
0.0
100
AcDbLayout
  1
Layout1
 70
1
 71
1
 10
0.0
 20
0.0
 11
420.0
 21
297.0
 12
0.0
 22
0.0
 32
0.0
 14
1e+20
 24
1e+20
 34
1e+20
 15
-1e+20
 25
-1e+20
 35
-1e+20
146
0.0
 13
0.0
 23
0.0
 33
0.0
 16
1.0
 26
0.0
 36
0.0
 17
0.0
 27
1.0
 37
0.0
 76
1
330
1B
  0
MATERIAL
  5
1F
102
{ACAD_REACTORS
330
E
102
}
330
E
100
AcDbMaterial
  1
ByBlock
  2

 70
0
 40
1.0
 71
1
 41
1.0
 91
-1023410177
 42
1.0
 72
1
  3

 73
1
 74
1
 75
1
 44
0.5
 73
0
 45
1.0
 46
1.0
 77
1
  4

 78
1
 79
1
170
1
 48
1.0
171
1
  6

172
1
173
1
174
1
140
1.0
141
1.0
175
1
  7

176
1
177
1
178
1
143
1.0
179
1
  8

270
1
271
1
272
1
145
1.0
146
1.0
273
1
  9

274
1
275
1
276
1
 42
1.0
 72
1
  3

 73
1
 74
1
 75
1
 94
63
  0
MATERIAL
  5
20
102
{ACAD_REACTORS
330
E
102
}
330
E
100
AcDbMaterial
  1
ByLayer
  2

 70
0
 40
1.0
 71
1
 41
1.0
 91
-1023410177
 42
1.0
 72
1
  3

 73
1
 74
1
 75
1
 44
0.5
 73
0
 45
1.0
 46
1.0
 77
1
  4

 78
1
 79
1
170
1
 48
1.0
171
1
  6

172
1
173
1
174
1
140
1.0
141
1.0
175
1
  7

176
1
177
1
178
1
143
1.0
179
1
  8

270
1
271
1
272
1
145
1.0
146
1.0
273
1
  9

274
1
275
1
276
1
 42
1.0
 72
1
  3

 73
1
 74
1
 75
1
 94
63
  0
MATERIAL
  5
21
102
{ACAD_REACTORS
330
E
102
}
330
E
100
AcDbMaterial
  1
Global
  2

 70
0
 40
1.0
 71
1
 41
1.0
 91
-1023410177
 42
1.0
 72
1
  3

 73
1
 74
1
 75
1
 44
0.5
 73
0
 45
1.0
 46
1.0
 77
1
  4

 78
1
 79
1
170
1
 48
1.0
171
1
  6

172
1
173
1
174
1
140
1.0
141
1.0
175
1
  7

176
1
177
1
178
1
143
1.0
179
1
  8

270
1
271
1
272
1
145
1.0
146
1.0
273
1
  9

274
1
275
1
276
1
 42
1.0
 72
1
  3

 73
1
 74
1
 75
1
 94
63
  0
MLINESTYLE
  5
22
102
{ACAD_REACTORS
330
10
102
}
330
10
100
AcDbMlineStyle
  2
Standard
 70
0
  3

 62
256
 51
90.0
 52
90.0
 71
2
 49
0.5
 62
256
  6
BYLAYER
 49
-0.5
 62
256
  6
BYLAYER
  0
MLEADERSTYLE
  5
2C
102
{ACAD_REACTORS
330
F
102
}
330
F
100
AcDbMLeaderStyle
179
2
170
2
171
1
172
0
 90
2
 40
0.0
 41
0.0
173
1
 91
-1056964608
 92
-2
290
1
 42
2.0
291
1
 43
8.0
  3
Standard
 44
4.0
300

342
29
174
1
175
1
176
0
178
1
 93
-1056964608
 45
4.0
292
0
297
0
 46
4.0
 94
-1056964608
 47
1.0
 49
1.0
140
1.0
294
1
141
0.0
177
0
142
1.0
295
0
296
0
143
3.75
271
0
272
9
273
9
  0
DICTIONARY
  5
2D
330
A
100
AcDbDictionary
280
1
281
1
  3
CREATED_BY_EZDXF
350
2E
  3
WRITTEN_BY_EZDXF
350
10E
  0
DICTIONARYVAR
  5
2E
330
2D
100
DictionaryVariables
280
0
  1
1.4.4 @ 2026-08-29T12:17:11.767523+00:00
  0
VISUALSTYLE
  5
5A
102
{ACAD_REACTORS
330
16
102
}
330
16
100
AcDbVisualStyle
  2
2dWireframe
 70
4
 90
0
 40
0.6
 62
7
290
0
291
0
  0
VISUALSTYLE
  5
5B
102
{ACAD_REACTORS
330
16
102
}
330
16
100
AcDbVisualStyle
  2
Basic
 70
7
 90
1
 40
0.6
 62
7
290
0
291
1
  0
VISUALSTYLE
  5
5C
102
{ACAD_REACTORS
330
16
102
}
330
16
100
AcDbVisualStyle
  2
Brighten
 70
12
 90
2
 40
0.6
 62
7
290
0
291
1
  0
VISUALSTYLE
  5
5D
102
{ACAD_REACTORS
330
16
102
}
330
16
100
AcDbVisualStyle
  2
ColorChange
 70
16
 90
2
 40
0.6
 62
8
290
0
291
1
  0
VISUALSTYLE
  5
5E
102
{ACAD_REACTORS
330
16
102
}
330
16
100
AcDbVisualStyle
  2
Conceptual
 70
9
 90
3
 40
0.6
 62
7
290
0
291
0
  0
VISUALSTYLE
  5
5F
102
{ACAD_REACTORS
330
16
102
}
330
16
100
AcDbVisualStyle
  2
Dim
 70
11
 90
2
 40
0.6
 62
7
290
0
291
1
  0
VISUALSTYLE
  5
60
102
{ACAD_REACTORS
330
16
102
}
330
16
100
AcDbVisualStyle
  2
EdgeColorOff
 70
22
 90
2
 40
0.6
 62
7
290
0
291
1
  0
VISUALSTYLE
  5
61
102
{ACAD_REACTORS
330
16
102
}
330
16
100
AcDbVisualStyle
  2
Facepattern
 70
15
 90
2
 40
0.6
 62
7
290
0
291
1
  0
VISUALSTYLE
  5
62
102
{ACAD_REACTORS
330
16
102
}
330
16
100
AcDbVisualStyle
  2
Flat
 70
0
 90
2
 40
0.6
 62
7
290
0
291
1
  0
VISUALSTYLE
  5
63
102
{ACAD_REACTORS
330
16
102
}
330
16
100
AcDbVisualStyle
  2
FlatWithEdges
 70
1
 90
2
 40
0.6
 62
7
290
0
291
1
  0
VISUALSTYLE
  5
64
102
{ACAD_REACTORS
330
16
102
}
330
16
100
AcDbVisualStyle
  2
Gouraud
 70
2
 90
2
 40
0.6
 62
7
290
0
291
1
  0
VISUALSTYLE
  5
65
102
{ACAD_REACTORS
330
16
102
}
330
16
100
AcDbVisualStyle
  2
GouraudWithEdges
 70
3
 90
2
 40
0.6
 62
7
290
0
291
1
  0
VISUALSTYLE
  5
66
102
{ACAD_REACTORS
330
16
102
}
330
16
100
AcDbVisualStyle
  2
Hidden
 70
6
 90
1
 40
0.6
 62
7
290
0
291
0
  0
VISUALSTYLE
  5
67
102
{ACAD_REACTORS
330
16
102
}
330
16
100
AcDbVisualStyle
  2
JitterOff
 70
20
 90
2
 40
0.6
 62
7
290
0
291
1
  0
VISUALSTYLE
  5
68
102
{ACAD_REACTORS
330
16
102
}
330
16
100
AcDbVisualStyle
  2
Linepattern
 70
14
 90
2
 40
0.6
 62
7
290
0
291
1
  0
VISUALSTYLE
  5
69
102
{ACAD_REACTORS
330
16
102
}
330
16
100
AcDbVisualStyle
  2
Modeling
 70
10
 90
2
 40
0.6
 62
7
290
0
291
0
  0
VISUALSTYLE
  5
6A
102
{ACAD_REACTORS
330
16
102
}
330
16
100
AcDbVisualStyle
  2
OverhangOff
 70
21
 90
2
 40
0.6
 62
7
290
0
291
1
  0
VISUALSTYLE
  5
6B
102
{ACAD_REACTORS
330
16
102
}
330
16
100
AcDbVisualStyle
  2
Realistic
 70
8
 90
2
 40
0.6
 62
7
290
0
291
0
  0
VISUALSTYLE
  5
6C
102
{ACAD_REACTORS
330
16
102
}
330
16
100
AcDbVisualStyle
  2
Shaded
 70
27
 90
2
 40
0.6
 62
7
290
0
291
0
  0
VISUALSTYLE
  5
6D
102
{ACAD_REACTORS
330
16
102
}
330
16
100
AcDbVisualStyle
  2
Shaded with edges
 70
26
 90
2
 40
0.6
 62
7
290
0
291
0
  0
VISUALSTYLE
  5
6E
102
{ACAD_REACTORS
330
16
102
}
330
16
100
AcDbVisualStyle
  2
Shades of Gray
 70
23
 90
2
 40
0.6
 62
7
290
0
291
0
  0
VISUALSTYLE
  5
6F
102
{ACAD_REACTORS
330
16
102
}
330
16
100
AcDbVisualStyle
  2
Sketchy
 70
24
 90
1
 40
0.6
 62
7
290
0
291
0
  0
VISUALSTYLE
  5
70
102
{ACAD_REACTORS
330
16
102
}
330
16
100
AcDbVisualStyle
  2
Thicken
 70
13
 90
2
 40
0.6
 62
7
290
0
291
1
  0
VISUALSTYLE
  5
71
102
{ACAD_REACTORS
330
16
102
}
330
16
100
AcDbVisualStyle
  2
Wireframe
 70
5
 90
0
 40
0.6
 62
7
290
0
291
0
  0
VISUALSTYLE
  5
72
102
{ACAD_REACTORS
330
16
102
}
330
16
100
AcDbVisualStyle
  2
X-Ray
 70
25
 90
2
 40
0.5
 62
7
290
0
291
0
  0
DICTIONARYVAR
  5
10E
330
2D
100
DictionaryVariables
280
0
  1
1.4.4 @ 2026-08-29T12:17:11.799515+00:00
  0
ENDSEC
  0
EOF
